alt;neu
A;a
A-Cappella-Chor;A-cappella-Chor
A-Cappella-Gesang;A-cappella-Gesang
A-Cappella-Musik;A-cappella-Musik
Aaser;Aser
Abaja;Abaya
Abbauprozeß;Abbauprozess
Abbiß;Abbiss
Abblasventil;Abblaseventil
Abbruchsarbeit;Abbrucharbeit
Abbröcklung;Abbröckelung
Abc-Kode;Abc-Code
ABC-Schützin;Abc-Schützin
abclich;abecelich
Abdeckcrème;Abdeckcreme
Abdeckkrem;Abdeckcreme
Abdeckkreme;Abdeckcreme
Abdrosslung;Abdrosselung
Abdroßlung;Abdrosselung
Abdunklung;Abdunkelung
Abendbrotszeit;Abendbrotzeit
Abendfriede;Abendfrieden
Abendgeläute;Abendgeläut
Abendimbiß;Abendimbiss
Abendmahlfeier;Abendmahlsfeier
Abendmahlgast;Abendmahlsgast
Abendmahlgemeinschaft;Abendmahlsgemeinschaft
Abendmahlgerät;Abendmahlsgerät
Abendmahlgottesdienst;Abendmahlsgottesdienst
Abendmahlkelch;Abendmahlskelch
Abendmahllied;Abendmahlslied
Abendmahltisch;Abendmahlstisch
Abendmahlwein;Abendmahlswein
Abenteuergelüst;Abenteuergelüste
Aberglauben;Aberglaube
Abfahrtbefehl;Abfahrtsbefehl
Abfahrtgleis;Abfahrtsgleis
Abfahrthang;Abfahrtshang
Abfahrtlauf;Abfahrtslauf
Abfahrtläufer;Abfahrtsläufer
Abfahrtort;Abfahrtsort
Abfahrtpiste;Abfahrtspiste
Abfahrtrampe;Abfahrtsrampe
Abfahrtrennen;Abfahrtsrennen
abfahrtsbereit;abfahrtbereit
Abfahrtschi;Abfahrtsski
Abfahrtsieg;Abfahrtssieg
Abfahrtsignal;Abfahrtssignal
Abfahrtski;Abfahrtsski
Abfahrtsschi;Abfahrtsski
Abfahrtstrecke;Abfahrtsstrecke
Abfahrttafel;Abfahrtstafel
Abfahrttag;Abfahrtstag
Abfahrttechnik;Abfahrtstechnik
Abfahrttermin;Abfahrtstermin
Abfahrtzeichen;Abfahrtszeichen
Abfahrtzeit;Abfahrtszeit
Abfall-Leder;Abfallleder
Abfalleder;Abfallleder
Abflug-Gate;Abfluggate
Abflugsgewicht;Abfluggewicht
Abflugsort;Abflugort
Abflugsschneise;Abflugschneise
Abflugszeit;Abflugzeit
Abfluß;Abfluss
Abflußbecken;Abflussbecken
Abflußgebiet;Abflussgebiet
Abflußgraben;Abflussgraben
Abflußgrube;Abflussgrube
Abflußhahn;Abflusshahn
Abflußkanal;Abflusskanal
Abflußkoeffizient;Abflusskoeffizient
Abflußloch;Abflussloch
abflußlos;abflusslos
Abflußregime;Abflussregime
Abflußreiniger;Abflussreiniger
Abflußrinne;Abflussrinne
Abflußrohr;Abflussrohr
Abflußventil;Abflussventil
Abgabeerhöhung;Abgabenerhöhung
Abgabenbescheid;Abgabebescheid
abgabenfrei;abgabefrei
Abgabensaldo;Abgabesaldo
Abgabepflicht;Abgabenpflicht
abgabepflichtig;abgabenpflichtig
Abgabesenkung;Abgabensenkung
Abgabesoll;Abgabensoll
abgeblaßt;abgeblasst
Abgeltungssteuer;Abgeltungsteuer
abgrundhäßlich;abgrundhässlich
Abguß;Abguss
abhangen;abhängen
Abholetermin;Abholtermin
Abhöraffaire;Abhöraffäre
Abi-Zeitung;Abizeitung
Abitursaufgabe;Abituraufgabe
Abitursball;Abiturball
Abitursfeier;Abiturfeier
Abitursjahrgang;Abiturjahrgang
Abitursklasse;Abiturklasse
Abitursprüfung;Abiturprüfung
Abitursschnitt;Abiturschnitt
Abiturszeitung;Abiturzeitung
Abiturszeugnis;Abiturzeugnis
Abkanzlung;Abkanzelung
Abkopplung;Abkoppelung
Ablass-Schleuse;Ablassschleuse
Ablass-Schraube;Ablassschraube
Ablass-Streit;Ablassstreit
Ablaß;Ablass
Ablaßbrief;Ablassbrief
Ablaßerteilung;Ablasserteilung
Ablaßgeld;Ablassgeld
Ablaßgewinnung;Ablassgewinnung
Ablaßhahn;Ablasshahn
Ablaßhandel;Ablasshandel
Ablaßjahr;Ablassjahr
Ablaßkrämer;Ablasskrämer
Ablaßlehre;Ablasslehre
Ablaßpraxis;Ablasspraxis
Ablaßprediger;Ablassprediger
Ablaßrohr;Ablassrohr
Ablaßschleuse;Ablassschleuse
Ablaßschraube;Ablassschraube
Ablaßstreit;Ablassstreit
Ablaßtag;Ablasstag
Ablaßventil;Ablassventil
Ablaßzettel;Ablasszettel
Ablösungsprozeß;Ablösungsprozess
abmeßbar;abmessbar
abnippeln;abnibbeln
Abonnementpreis;Abonnementspreis
abphotographieren;abfotografieren
Abreitplatz;Abreiteplatz
Abriss-Stelle;Abrissstelle
Abriß;Abriss
Abrißarbeit;Abrissarbeit
Abrißbagger;Abrissbagger
Abrißbirne;Abrissbirne
Abrißfirma;Abrissfirma
Abrißgegner;Abrissgegner
Abrißgenehmigung;Abrissgenehmigung
Abrißkante;Abrisskante
Abrißnische;Abrissnische
Abrißparty;Abrissparty
abrißreif;abrissreif
Abrißstelle;Abrissstelle
Abrißunternehmen;Abrissunternehmen
Abrißverfügung;Abrissverfügung
Abrüstungsausschuß;Abrüstungsausschuss
Abrüstungswillen;Abrüstungswille
Adventsonntag;Adventssonntag
Adventspiel;Adventsspiel
Adventstern;Adventsstern
Adventstimmung;Adventsstimmung
Adventzeit;Adventszeit
aer-;aero-
Aerofotogrammetrie;Aerophotogrammetrie
Aerophotographie;Aerofotografie
Affaire;Affäre
Affencircus;Affenzirkus
Affiliate-Marketing;Affiliatemarketing
Afonie;Aphonie
After-shave;Aftershave
Afterglauben;Afterglaube
Aftershavelotion;Aftershave-Lotion
Aftershowparty;After-Show-Party
Afterworkparty;After-Work-Party
Ag;Silber
Agendasetting;Agenda-Setting
Agenturphoto;Agenturfoto
Aggregatszustand;Aggregatzustand
Aggressionspotential;Aggressionspotenzial
Agraphie;Agrafie
Agrarethnographie;Agrarethnografie
Agrarüberschuß;Agrarüberschuss
Agri-Prakti;Agriprakti
Ahnenpaß;Ahnenpass
Aide-mémoire;Aide-Mémoire
AIDS;Aids
Aids-Erreger;Aidserreger
AIDS-Erreger;Aidserreger
Aids-Hilfe;Aidshilfe
AIDS-Hilfe;Aidshilfe
AIDS-infiziert;aidsinfiziert
AIDS-krank;aidskrank
Aids-Kranke;Aidskranke
AIDS-Kranke;Aidskranke
Aids-Test;Aidstest
AIDS-Test;Aidstest
AIDS-verseucht;aidsverseucht
AIDS-Virus;Aidsvirus
Aimara;Aymara
Airan;Ayran
Airdaleterrier;Airedaleterrier
Airsoftwaffe;Airsoft-Waffe
Ajour-Arbeit;Ajourarbeit
Akademienvorhaben;Akademievorhaben
Akkadier;Akkader
Akkadische;Akkadisch
Akkordion;Akkordeon
Akkordionspieler;Akkordeonspieler
Akkordionspielerin;Akkordeonspielerin
Akkumulationsprozeß;Akkumulationsprozess
Akrokephalie;Akrozephalie
Akryl;Acryl
Akteurgruppe;Akteursgruppe
Aktinograph;Aktinograf
Aktionsausschuß;Aktionsausschuss
Aktionspotential;Aktionspotenzial
Aktionärsbeschluß;Aktionärsbeschluss
Aktionärsklub;Aktionärsclub
Aktivierungskode;Aktivierungscode
Aktivprozeß;Aktivprozess
Aktphoto;Aktfoto
Aktphotograph;Aktfotograf
Aktphotographie;Aktfotografie
Aktschluß;Aktschluss
Akzeß;Akzess
akzidentiell;akzidentell
Al;Aluminium
Albanische;Albanisch
Albdruck;Alpdruck
Albdrücken;Alpdrücken
Alben-Cover;Albumcover
Albencover;Albumcover
Albentitel;Albumtitel
Albtraum;Alptraum
albtraumhaft;alptraumhaft
Album-Cover;Albumcover
Albweide;Alpweide
Alemannische;Alemannisch
Alewit;Alevit
Alewitin;Alevitin
alewitisch;alevitisch
ALG;Alg
Algraphie;Algrafie
Alibipaß;Alibipass
Alkoholeinfluß;Alkoholeinfluss
Alkoholexzeß;Alkoholexzess
Alkoholgenuß;Alkoholgenuss
alkoholhältig;alkoholhaltig
Alkoholmeßgerät;Alkoholmessgerät
Alkoholmißbrauch;Alkoholmissbrauch
Alkopop;Alcopop
all-inclusive;all inclusive
Alla-Breve-Takt;Alla-breve-Takt
Allaaf;Alaaf
allaaf;alaaf
alldem;alledem
alleine;allein
alleinseligmachend;allein seligmachend
Allergiepaß;Allergiepass
allerneuest;allerneust
allerwegen;allerwege
Allerweltsnamen;Allerweltsname
allewege;allerwege
alleweil;allweil
alleweile;allweil
allezeit;allzeit
Allicin;Allizin
alliebend;allliebend
Allmachtsphantasie;Allmachtsfantasie
Allograph;Allograf
Alltagsbewußtsein;Alltagsbewusstsein
allweile;allweil
allzubald;allzu bald
allzugern;allzu gern
allzugroß;allzu groß
allzulang;allzu lang
allzuoft;allzu oft
allzusehr;allzu sehr
allzuviel;allzu viel
allzuwenig;allzu wenig
Almenwiese;Almwiese
Almenwirtschaft;Almwirtschaft
Almrausch;Almenrausch
Alp;Alb
Alpaufstieg;Albaufstieg
Alpenpaß;Alpenpass
Alpha-Version;Alphaversion
Alphavariante;Alpha-Variante
Alpinschi;Alpinski
Alt-Achtundsechziger;Altachtundsechziger
Alt-Achtundsechzigerin;Altachtundsechzigerin
altadelig;altadlig
Altarssakrament;Altarsakrament
AltEinkG;Alterseinkünftegesetz
Altenklub;Altenclub
Alterungsprozeß;Alterungsprozess
Altgriechische;Altgriechisch
Althochdeutsche;Althochdeutsch
Altigraph;Altigraf
Altjahrabend;Altjahrsabend
Altjahresabend;Altjahrsabend
Altjahrestag;Altjahrstag
Altjahreswoche;Altjahrswoche
Altjahrtag;Altjahrstag
Altjahrwoche;Altjahrswoche
altlastfrei;altlastenfrei
Altlastsanierung;Altlastensanierung
Altnordische;Altnordisch
Altsaxophon;Altsaxofon
Altsaxophonist;Altsaxofonist
Aluminiumoxyd;Aluminiumoxid
Alzheimer-Krankheit;Alzheimerkrankheit
Alzheimerdemenz;Alzheimer-Demenz
Am;Americium
Amaranth;Amarant
Amateurphoto;Amateurfoto
Amateurphotograph;Amateurfotograf
Ambon;Ambo
Amboß;Amboss
Amboßbahn;Ambossbahn
Amboßeinsatz;Ambosseinsatz
Amboßklotz;Ambossklotz
anläßt;anlässt
Antifon;Antiphon
Antifone;Antiphone
Antikatode;Antikathode
Antioxydans;Antioxidans
Antivirussoftware;Antivirensoftware
Antragssteller;Antragsteller
Antragsstellerin;Antragstellerin
Antragsstellung;Antragstellung
antrieblos;antriebslos
Antriebstrang;Antriebsstrang
Antriebsystem;Antriebssystem
antrittschnell;antrittsschnell
Antrittschnelligkeit;Antrittsschnelligkeit
antrittstark;antrittsstark
Anwaltbüro;Anwaltsbüro
Anwaltfirma;Anwaltsfirma
Anwaltkosten;Anwaltskosten
Anwaltnotruf;Anwaltsnotruf
Anwaltsprozeß;Anwaltsprozess
Anwaltverein;Anwaltsverein
Anwohner-Parkausweis;Anwohnerparkausweis
Anwältekollektiv;Anwaltskollektiv
Anzeigekosten;Anzeigenkosten
Anzeigemotiv;Anzeigenmotiv
Anzeigentafel;Anzeigetafel
Anzetteler;Anzettler
Anzettelung;Anzettlung
Anzugshose;Anzughose
Anzugsstoff;Anzugstoff
Anzweifelung;Anzweiflung
Apartheidspolitik;Apartheidpolitik
Apartheidsregime;Apartheidregime
Apartmentswohnung;Apartmentwohnung
Apero;Apéro
Apfelcrème;Apfelcreme
Apfelkrem;Apfelcreme
Apfelkreme;Apfelcreme
Apo;APO
Apofonie;Apophonie
Appartementshaus;Appartementhaus
Appartementswohnung;Apartmentwohnung
Appartementwohnung;Apartmentwohnung
Appetitsbrötchen;Appetitbrötchen
Appetitshappen;Appetithappen
Apricotine;Abricotine
Aquafitneß;Aquafitness
Aquarell-Landschaft;Aquarelllandschaft
Aquarellandschaft;Aquarelllandschaft
Aquariumspflanze;Aquarienpflanze
Arabische;Arabisch
Aramäische;Aramäisch
Arbeiterausschuß;Arbeiterausschuss
Arbeiterbewußtsein;Arbeiterbewusstsein
Arbeitergesangsverein;Arbeitergesangverein
Arbeiterkongreß;Arbeiterkongress
Arbeitsamtleiter;Arbeitsamtsleiter
arbeitsaufwendig;arbeitsaufwändig
Arbeitsausschuß;Arbeitsausschuss
Arbeitsbewußtsein;Arbeitsbewusstsein
Arbeitsfriede;Arbeitsfrieden
Arbeitsgerichtsprozeß;Arbeitsgerichtsprozess
Arbeitskraftmangel;Arbeitskräftemangel
Arbeitskräftepotential;Arbeitskräftepotenzial
Arbeitskräfteüberschuß;Arbeitskräfteüberschuss
Arbeitspotential;Arbeitspotenzial
Arbeitsprozeß;Arbeitsprozess
Arbeitsschluß;Arbeitsschluss
arbeitssparend;arbeitsparend
arbeitsuchend;arbeitssuchend
Arbeitsuchende;Arbeitssuchende
Arcadeautomat;Arcade-Automat
Archäopteryx;Archaeopteryx
Arcus;Arkus
Arekanuß;Arekanuss
ARGE;Arge
argwohnen;argwöhnen
Arhythmie;Arrhythmie
arhythmisch;arrhythmisch
Arierparagraph;Arierparagraf
Aristotelisch;aristotelisch
Armdurchschuß;Armdurchschuss
Armee-Einsatz;Armeeeinsatz
Armeecorps;Armeekorps
Armeeinsatz;Armeeeinsatz
Armenische;Armenisch
Armeslänge;Armlänge
Armesünderbank;Armsünderbank
Armesünderglocke;Armsünderglocke
Armesünderhemd;Armsünderhemd
Armesündermiene;Armsündermiene
Armguß;Armguss
Armutbekämpfung;Armutsbekämpfung
armutgefährdet;armutsgefährdet
Aronsstab;Aronstab
Arsenoxyd;Arsenoxid
Art-Direction;Artdirection
Art-Director;Artdirector
Art-Rock;Artrock
Artbestand;Artenbestand
Artenerhaltung;Arterhaltung
Artenkennzeichen;Artkennzeichen
Artenname;Artname
artenspezifisch;artspezifisch
Arteriographie;Arteriografie
Artilleriebeschuß;Artilleriebeschuss
Artilleriegeschoß;Artilleriegeschoss
Arzneimittelmißbrauch;Arzneimittelmissbrauch
Arztmangel;Ärztemangel
Arztpfusch;Ärztepfusch
Arzttarif;Ärztetarif
As;as
Aschantinuß;Aschantinuss
Aschbecher;Aschenbecher
Aschebahn;Aschenbahn
Aschebecher;Aschenbecher
aschefarben;aschfarben
aschegrau;aschgrau
Ascheimer;Ascheeimer
Ascheneimer;Ascheeimer
aschenfarben;aschfarben
Aschengrube;Aschegrube
Aschenkasten;Aschekasten
Aschenkübel;Aschekübel
Aschenregen;Ascheregen
Aschenwolke;Aschewolke
Ascheplatz;Aschenplatz
Aschgrube;Aschegrube
Aschkasten;Aschekasten
Aschkübel;Aschekübel
ASCII-Kode;ASCII-Code
Ashkenasi;Aschkenasi
Asi;Assi
Aspergersyndrom;Asperger-Syndrom
Asphalt-Literat;Asphaltliterat
Asphalt-Literatur;Asphaltliteratur
Aspi;Aspie
Assessmentcenter;Assessment-Center
Assessmentcenter-Methode;Assessment-Center-Methode
Assetmanagement;Asset-Management
Assimilationsprozeß;Assimilationsprozess
Assyrische;Assyrisch
Asta;AStA
Astrofotometrie;Astrophotometrie
Astrograph;Astrograf
Asylkompromiß;Asylkompromiss
Asylmißbrauch;Asylmissbrauch
At;Astat
Atemalkoholmeßgerät;Atemalkoholmessgerät
Atomclub;Atomklub
Atomgeschoß;Atomgeschoss
Atomkraftwerkbetreiber;Atomkraftwerksbetreiber
Atriau;Adrio
Attentatversuch;Attentatsversuch
Au-Pair-Junge;Au-pair-Junge
Au-Pair-Mädchen;Au-pair-Mädchen
Au-Pair-Stelle;Au-pair-Stelle
audi-;audio-
Audioequipment;Audio-Equipment
Auelandschaft;Auenlandschaft
Auenwald;Auwald
Aufbaubuffet;Aufbaubüfett
Aufbaubüffet;Aufbaubüfett
Aufbauprozeß;Aufbauprozess
Aufbereitungsprozeß;Aufbereitungsprozess
Aufbiß;Aufbiss
aufbruchbereit;aufbruchsbereit
Aufbruchsignal;Aufbruchssignal
Aufbruchstimmung;Aufbruchsstimmung
Aufbruchtermin;Aufbruchstermin
Auferstehungsglauben;Auferstehungsglaube
Auffahrtrampe;Auffahrtsrampe
Auffahrtstraße;Auffahrtsstraße
auffi;aufi
Aufguß;Aufguss
Aufgußbeutel;Aufgussbeutel
Aufgußgetränk;Aufgussgetränk
Aufgußtierchen;Aufgusstierchen
Aufholprozeß;Aufholprozess
Aufklebetikett;Aufklebeetikett
Aufklärungsbeschluß;Aufklärungsbeschluss
Auflagedruck;Auflagendruck
Auflagehöhe;Auflagenhöhe
auflagestark;auflagenstark
Auflageziffer;Auflagenziffer
Auflösungsprozeß;Auflösungsprozess
Aufmacherphoto;Aufmacherfoto
Aufmöblung;Aufmöbelung
Aufnahmeprozeß;Aufnahmeprozess
aufrauhen;aufrauen
Aufrichtefest;Aufrichtfest
Aufriß;Aufriss
Aufrißzeichnung;Aufrisszeichnung
Aufschlagsrecht;Aufschlagrecht
Aufschlagsspiel;Aufschlagspiel
Aufschluß;Aufschluss
Aufschlußarbeit;Aufschlussarbeit
aufschlußreich;aufschlussreich
Aufschwungsphase;Aufschwungphase
aufsein;auf sein
Aufsichtsratmandat;Aufsichtsratsmandat
Aufsichtsratsitzung;Aufsichtsratssitzung
Aufstachlung;Aufstachelung
Auftragerteilung;Auftragserteilung
auftraggemäß;auftragsgemäß
Auftraglage;Auftragslage
Auftragmangel;Auftragsmangel
Auftragrückgang;Auftragsrückgang
Auftragsgeber;Auftraggeber
Auftragsnehmer;Auftragnehmer
Auftragvergabe;Auftragsvergabe
Auftrittverbot;Auftrittsverbot
Aufwandentschädigung;Aufwandsentschädigung
Aufwandsteuer;Aufwandssteuer
Aufwandsüberschuss;Aufwandüberschuss
Aufwandsüberschuß;Aufwandüberschuss
Aufwandüberschuß;Aufwandüberschuss
aufwendig;aufwändig
Aufwendigkeit;Aufwändigkeit
Aufwickelung;Aufwicklung
Aufwiegelung;Aufwieglung
Aufzuganlage;Aufzugsanlage
Aufzugführer;Aufzugsführer
Aufzugseil;Aufzugsseil
Aufzugsschacht;Aufzugschacht
Aufzugtür;Aufzugstür
Aufzugvorrichtung;Aufzugsvorrichtung
Aufzugwinde;Aufzugswinde
augenblickweise;augenblicksweise
Augsproß;Augspross
Augustiner-Eremit;Augustinereremit
Aulandschaft;Auenlandschaft
ausasten;ausästen
Ausbildungsabschluß;Ausbildungsabschluss
Ausbiß;Ausbiss
ausbruchssicher;ausbruchsicher
Ausbruchversuch;Ausbruchsversuch
ausdruckstark;ausdrucksstark
Ausdruckstärke;Ausdrucksstärke
Ausfahrtssignal;Ausfahrtsignal
Ausfahrtstraße;Ausfahrtsstraße
Ausfahrverrieglung;Ausfahrverriegelung
Ausfallserscheinung;Ausfallerscheinung
Ausfallsquote;Ausfallquote
Ausfallsschritt;Ausfallschritt
Ausfallstor;Ausfalltor
Ausfallwinkel;Ausfallswinkel
Ausflugdampfer;Ausflugsdampfer
Ausflugfahrt;Ausflugsfahrt
Ausfluggast;Ausflugsgast
Ausfluggaststätte;Ausflugsgaststätte
Ausflugort;Ausflugsort
Ausflugschiff;Ausflugsschiff
Ausflugverkehr;Ausflugsverkehr
Ausflugziel;Ausflugsziel
Ausfluß;Ausfluss
Ausflußgeschwindigkeit;Ausflussgeschwindigkeit
Ausflußmenge;Ausflussmenge
Ausflußöffnung;Ausflussöffnung
Ausgabebeleg;Ausgabenbeleg
Ausgabebuch;Ausgabenbuch
Ausgabebudget;Ausgabenbudget
Ausgabeetat;Ausgabenetat
Ausgabenstelle;Ausgabestelle
Ausgabenüberschuß;Ausgabenüberschuss
ausgabeseitig;ausgabenseitig
Ausgangschrift;Ausgangsschrift
Ausgehtip;Ausgehtipp
ausgeschämt;ausgeschamt
Ausgleichbecken;Ausgleichsbecken
Ausgleichbehälter;Ausgleichsbehälter
Ausgleichfläche;Ausgleichsfläche
Ausgleichgefäß;Ausgleichsgefäß
Ausgleichgetriebe;Ausgleichsgetriebe
Ausgleichgewicht;Ausgleichsgewicht
Ausgleichgymnastik;Ausgleichsgymnastik
Ausgleichmaßnahme;Ausgleichsmaßnahme
Ausgleichmechanismus;Ausgleichsmechanismus
Ausgleichmöglichkeit;Ausgleichsmöglichkeit
Ausgleichrennen;Ausgleichsrennen
Ausgleichsport;Ausgleichssport
Ausgleichssteuer;Ausgleichsteuer
Ausgleichtor;Ausgleichstor
Ausgleichtreffer;Ausgleichstreffer
Ausgleichzahlung;Ausgleichszahlung
Ausgleichzulage;Ausgleichszulage
Ausguß;Ausguss
Ausgußbecken;Ausgussbecken
Ausgußrohr;Ausgussrohr
Ausgußwasser;Ausgusswasser
Aushandlungsprozeß;Aushandlungsprozess
aushangen;aushängen
Auskopierprozeß;Auskopierprozess
Auskoppelung;Auskopplung
Auskunftanspruch;Auskunftsanspruch
Auskunftbegehren;Auskunftsbegehren
auskunftbereit;auskunftsbereit
Auskunftersuchen;Auskunftsersuchen
auskunftfreudig;auskunftsfreudig
Auskunftpflicht;Auskunftspflicht
auskunftpflichtig;auskunftspflichtig
Auskunftschalter;Auskunftsschalter
Auskunftsystem;Auskunftssystem
Auskunftverlangen;Auskunftsverlangen
auskunftwillig;auskunftswillig
Auslagenfenster;Auslagefenster
Auslagentisch;Auslagetisch
Auslandeinsatz;Auslandseinsatz
Auslanderfahrung;Auslandserfahrung
Auslandgeheimdienst;Auslandsgeheimdienst
Auslandjahr;Auslandsjahr
Auslandkunde;Auslandskunde
Auslandschuldner;Auslandsschuldner
Auslandspaß;Auslandspass
Auslandverschuldung;Auslandsverschuldung
Auslaß;Auslass
Auslaßventil;Auslassventil
Auslegware;Auslegeware
Ausleseprozeß;Ausleseprozess
Ausländerhaß;Ausländerhass
ausläßt;auslässt
Ausmittelung;Ausmittlung
ausmähren;ausmären
Auspuff-Flamme;Auspuffflamme
ausschloß;ausschloss
Ausschluß;Ausschluss
Ausschlußfrist;Ausschlussfrist
Ausschlußgrund;Ausschlussgrund
Ausschlußkriterium;Ausschlusskriterium
Ausschlußverfahren;Ausschlussverfahren
ausschneuzen;ausschnäuzen
ausschnittweise;ausschnittsweise
Ausschuss-Sitzung;Ausschusssitzung
Ausschuß;Ausschuss
Ausschußarbeit;Ausschussarbeit
Ausschußberatung;Ausschussberatung
Ausschußbericht;Ausschussbericht
Ausschußmehrheit;Ausschussmehrheit
Ausschußmitglied;Ausschussmitglied
Ausschußposten;Ausschussposten
Ausschußquote;Ausschussquote
Ausschußsitzung;Ausschusssitzung
Ausschußvorsitz;Ausschussvorsitz
Ausschußvorsitzende;Ausschussvorsitzende
Ausschußware;Ausschussware
aussein;aus sein
Aussiedelung;Aussiedlung
Ausstiegmöglichkeit;Ausstiegsmöglichkeit
Austauschprozeß;Austauschprozess
Austragstüberl;Austragsstüberl
Australopithecina;Australopithecinen
Auswahlbibliographie;Auswahlbibliografie
Auswahlprozeß;Auswahlprozess
Auswechselung;Auswechslung
auswegslos;ausweglos
Auswegslosigkeit;Ausweglosigkeit
Auswurfsmasse;Auswurfmasse
Auszogene;Ausgezogene
Auszugtisch;Auszugstisch
auszugweise;auszugsweise
aut-;auto-
Auto-Cross;Autocross
Auto-Freak;Autofreak
Auto-Recycling;Autorecycling
Auto-Stopper;Autostopper
Autobahn-Benutzungsgebühr;Autobahnbenutzungsgebühr
Autobahnanschluß;Autobahnanschluss
Autobiograph;Autobiograf
Autobiographie;Autobiografie
Autobiographik;Autobiografik
autobiographisch;autobiografisch
Autocorso;Autokorso
Autograf;Autograph
Autographenhandel;Autografenhandel
Autographensammler;Autografensammler
Autographensammlung;Autografensammlung
autographieren;autografieren
autographisch;autografisch
Autoklub;Autoclub
Automatenbuffet;Automatenbüfett
Automatenbüffet;Automatenbüfett
Automatencasino;Automatenkasino
Automobil-Mechaniker;Automobilmechaniker
Automobil-Mechanikerin;Automobilmechanikerin
Automobilklub;Automobilclub
Autoportrait;Autoporträt
Autoradiographie;Autoradiografie
Autoritätsglauben;Autoritätsglaube
Autoskooter;Autoscooter
Autostop;Autostopp
Autotelephon;Autotelefon
auwei;auweia
Außenhandelsüberschuß;Außenhandelsüberschuss
Außenschi;Außenski
außerkantonal;ausserkantonal
außerstand;außerstande
Avatara;Awatara
Avocadocrème;Avocadocreme
Avocadokrem;Avocadocreme
Avocadokreme;Avocadocreme
Ayatollah;Ajatollah
Ayurweda;Ayurveda
ayurwedisch;ayurvedisch
Azetat;Acetat
Azetatseide;Acetatseide
Azetylcholin;Acetylcholin
Azetylen;Acetylen
Azetylenbrenner;Acetylenbrenner
Azetylenentwickler;Acetylenentwickler
Azetylengas;Acetylengas
Azetylenlampe;Acetylenlampe
Azetylenschweißung;Acetylenschweißung
Azetylsalizylsäure;Acetylsalicylsäure
B;b
Ba;Barium
Baalsdiener;Baaldiener
Baby-Blues;Babyblues
Babycrème;Babycreme
Babykrem;Babycreme
Babykreme;Babycreme
Babylonische;Babylonisch
Babyphon;Babyfon
Bach-Blüten-Therapie;Bachblütentherapie
Bach-Blütentherapie;Bachblütentherapie
Back-up;Backup
Background-Chor;Backgroundchor
Background-Sänger;Backgroundsänger
Background-Sängerin;Backgroundsängerin
Backhenderl;Backhendl
Backprozeß;Backprozess
Backsgast;Backgast
Backzahn;Backenzahn
Badanstalt;Badeanstalt
Badhaus;Badehaus
Bafin;BaFin
BAföG;Bafög
BAFöG;Bafög
Baguette-Schliff;Baguetteschliff
Bahnanschluß;Bahnanschluss
Bahnhofgegend;Bahnhofsgegend
Bahnwagon;Bahnwaggon
bahnweise;bahnenweise
Bailout;Bail-out
Bairische;Bairisch
Bajaß;Bajass
Bajonettverschluß;Bajonettverschluss
Balkanexpreß;Balkanexpress
Balkanisierungsprozeß;Balkanisierungsprozess
Ball-Lokal;Balllokal
Ball-Löwe;Balllöwe
Ballett-Tanz;Balletttanz
Ballett-Truppe;Balletttruppe
Ballett-Tänzer;Balletttänzer
Ballett-Tänzerin;Balletttänzerin
Ballettanz;Balletttanz
Ballettcompagnie;Ballettkompanie
Ballettcorps;Ballettkorps
Ballettsoirée;Ballettsoiree
Ballettänzer;Balletttänzer
Ballettänzerin;Balletttänzerin
Ballokal;Balllokal
Ballöwe;Balllöwe
Balneographie;Balneografie
Baltische;Baltisch
Bambussproß;Bambusspross
Bamf;BAMF
Bancomat;Bankomat
Bancomatkarte;Bankomatkarte
Band-Ende;Bandende
Bandonion;Bandoneon
Bandpaß;Bandpass
Bandpaßfilter;Bandpassfilter
Bangbüxe;Bangbüx
bange;bang
Bangebüx;Bangbüx
Bankabschluß;Bankabschluss
Bankanalyst;Bankenanalyst
Bankapparat;Bankenapparat
Bankaufsicht;Bankenaufsicht
Bankbereich;Bankenbereich
Bankenausschuß;Bankenausschuss
Bankenbilanz;Bankbilanz
Bankendienstleistung;Bankdienstleistung
Bankenhochhaus;Bankhochhaus
Bankeninstitut;Bankinstitut
Bankenkredit;Bankkredit
Bankenkunde;Bankkunde
Bankenlehre;Banklehre
Bankenmanager;Bankmanager
Bankenpartner;Bankpartner
Bankenrecht;Bankrecht
Bankenschluß;Bankenschluss
Bankenschwindel;Bankschwindel
Bankenspitze;Bankspitze
Bankenvorstand;Bankvorstand
Bankenwesen;Bankwesen
Bankenwirtschaft;Bankwirtschaft
Bankerldrucker;Bankerldrücker
bankerott;bankrott
Bankerott;Bankrott
Bankexperte;Bankenexperte
Bankierfamilie;Bankiersfamilie
Bankiersvereinigung;Bankiervereinigung
Bankkommission;Bankenkommission
Bankkonsortium;Bankenkonsortium
Bankkrach;Bankenkrach
Bankkreis;Bankenkreis
Bankkrise;Bankenkrise
Bankpleite;Bankenpleite
Banksektor;Bankensektor
Bankstandort;Bankenstandort
Banksystem;Bankensystem
bankunabhängig;bankenunabhängig
Bankwelt;Bankenwelt
Baon;Bataillon
bar-;baro-
Barchentbettuch;Barchentbetttuch
Bariumcarbonat;Bariumkarbonat
Barkode;Barcode
Barn;Barren
Barockschloß;Barockschloss
Barograph;Barograf
Barothermograph;Barothermograf
Bartel;Bartl
Barzuschuß;Barzuschuss
Baseballclub;Baseballklub
Basel-Land;Baselland
Baskine;Basquine
Baskische;Baskisch
Basmati-Reis;Basmatireis
Bass-Saite;Basssaite
Bass-Saxofon;Basssaxofon
Bass-Saxophon;Basssaxofon
Bass-Schlüssel;Bassschlüssel
Bass-Stimme;Bassstimme
Bass-Sänger;Basssänger
Basssaxophon;Basssaxofon
Batista-Diktatur;Batistadiktatur
Batterie-Recycling;Batterierecycling
Batteriewertschöpfungskette;Batterie-Wertschöpfungskette
Bau-Turbo;Bauturbo
Bauamtleiter;Bauamtsleiter
Bauausschuß;Bauausschuss
Bauchschuß;Bauchschuss
Bauernfrau;Bauersfrau
Bauernsame;Bauersame
Bauernschenke;Bauernschänke
Bauersfamilie;Bauernfamilie
Bauersohn;Bauernsohn
Bauerssohn;Bauernsohn
Bauerstochter;Bauerntochter
Bauertochter;Bauerntochter
Bauingenieurswesen;Bauingenieurwesen
Baukostenzuschuß;Baukostenzuschuss
Baumnuß;Baumnuss
Bauprozeß;Bauprozess
Bauriß;Bauriss
Bauschutt-Recycling;Bauschuttrecycling
Baustoff-Recycling;Baustoffrecycling
Bauzuschuß;Bauzuschuss
Bayrin;Bayerin
bayrisch;bayerisch
Bazar;Basar
Baß;Bass
baß;bass
Baßbariton;Bassbariton
Baßbaritonstimme;Bassbaritonstimme
Baßbläser;Bassbläser
Baßbuffo;Bassbuffo
Baßflöte;Bassflöte
Baßgeige;Bassgeige
Baßgitarre;Bassgitarre
Baßhorn;Basshorn
Baßinstrument;Bassinstrument
Baßklarinette;Bassklarinette
Baßlage;Basslage
Baßlaute;Basslaute
Baßlautsprecher;Basslautsprecher
Baßnote;Bassnote
Baßpartie;Basspartie
Baßposaune;Bassposaune
Baßsaite;Basssaite
Baßsaxophon;Basssaxofon
Baßschlüssel;Bassschlüssel
Baßstimme;Bassstimme
Baßsänger;Basssänger
Baßton;Basston
Baßtuba;Basstuba
Be;Beryllium
Beach-Party;Beachparty
Beach-Volleyball;Beachvolleyball
Beamtencorps;Beamtenkorps
beanständen;beanstanden
beargwohnen;beargwöhnen
Beat-Generation;Beatgeneration
Beatlesmähne;Beatlemähne
Beauty-Farm;Beautyfarm
Bebbi-Sack;Bebbisack
Bebbi-Sagg;Bebbisack
Bebbisagg;Bebbisack
beblumt;beblümt
becircen;bezirzen
Becquerel-Effekt;Becquereleffekt
bedrippst;bedripst
bedrippt;bedripst
Bedrohungspotential;Bedrohungspotenzial
beeinflußbar;beeinflussbar
Beeinflußbarkeit;Beeinflussbarkeit
Beete;Bete
Befruchtungsprozeß;Befruchtungsprozess
Beförderungsteuer;Beförderungssteuer
Befördrer;Beförderer
begrabschen;begrapschen
Begrüßungskuß;Begrüßungskuss
Behandlungsprozeß;Behandlungsprozess
Behauptungswillen;Behauptungswille
behend;behände
behende;behände
Behendigkeit;Behändigkeit
Behennuß;Behennuss
behänd;behände
Behäufelung;Behäuflung
Behörden-Pingpong;Behördenpingpong
Beicht;Beichte
beidemal;beide Mal
beieinandersein;beieinander sein
beifallfreudig;beifallsfreudig
Beifallsgejohle;Beifallsgejohl
Beifallsgetös;Beifallsgetöse
Beifallsklatschen;Beifallklatschen
Beihilfenverfahren;Beihilfeverfahren
Beileidschreiben;Beileidsschreiben
beinah;beinahe
Beindurchschuß;Beindurchschuss
Beinschuß;Beinschuss
beisammensein;beisammen sein
Beischluß;Beischluss
Beisel;Beisl
Beispielsfall;Beispielfall
beispielweise;beispielsweise
Beitragrückerstattung;Beitragsrückerstattung
Beitragsnachlaß;Beitragsnachlass
Bekrittlung;Bekrittelung
Beleidigungsprozeß;Beleidigungsprozess
belemmern;belämmern
belemmert;belämmert
Belkanto;Belcanto
Belle;Belli
Belorus;Belarus
Belorusse;Belarusse
Belorussin;Belarussin
belorussisch;belarussisch
Belpaese;Bel Paese
Belzenickel;Pelznickel
Belznickel;Pelznickel
bemißtrauen;bemisstrauen
Benchmark-Anleihe;Benchmarkanleihe
Bendel;Bändel
Beneficium;Benefizium
Benelux-Staat;Beneluxstaat
Bengalische;Bengalisch
Bennuß;Bennuss
Bento-Box;Bentobox
Beratungsausschuß;Beratungsausschuss
Beratungsprozeß;Beratungsprozess
Bergbäurin;Bergbäuerin
bergehoch;berghoch
Bergesgipfel;Berggipfel
Bergeshalde;Berghalde
Bergeshang;Berghang
Bergeshaupt;Berghaupt
Bergeshöhe;Berghöhe
Bergeshöhle;Berghöhle
Bergeslast;Berglast
Bergesrücken;Bergrücken
Bergeszinne;Bergzinne
Bergmannfamilie;Bergmannsfamilie
Bergmannschnaps;Bergmannsschnaps
Bergschi;Bergski
Bergschloß;Bergschloss
bergweise;bergeweise
Bergwerkbetreiber;Bergwerksbetreiber
Bergwerkschacht;Bergwerksschacht
Berichtsaison;Berichtssaison
Berichtserstatter;Berichterstatter
Berichtserstattung;Berichterstattung
Berichtsystem;Berichtssystem
Berieslung;Berieselung
Berlinbefürworter;Berlin-Befürworter
Berlinerische;Berlinerisch
Berlinische;Berlinisch
Bermuda-Shorts;Bermudashorts
Bernsteineinschluß;Bernsteineinschluss
Berufsbiographie;Berufsbiografie
Berufschule;Berufsschule
Berufschullehrer;Berufsschullehrer
Berufsphotograph;Berufsfotograf
Berufspieler;Berufsspieler
Beschaffungsprozeß;Beschaffungsprozess
Beschiß;Beschiss
beschloß;beschloss
Beschluß;Beschluss
Beschlußcharakter;Beschlusscharakter
Beschlußempfehlung;Beschlussempfehlung
Beschlußentwurf;Beschlussentwurf
beschlußfassend;beschlussfassend
Beschlußfassung;Beschlussfassung
Beschlußfreiheit;Beschlussfreiheit
beschlußfähig;beschlussfähig
Beschlußfähigkeit;Beschlussfähigkeit
Beschlußlage;Beschlusslage
Beschlußnahme;Beschlussnahme
Beschlußorgan;Beschlussorgan
Beschlußprotokoll;Beschlussprotokoll
Beschlußrecht;Beschlussrecht
beschlußreif;beschlussreif
beschlußunfähig;beschlussunfähig
Beschlußunfähigkeit;Beschlussunfähigkeit
Beschlußvorlage;Beschlussvorlage
beschubsen;beschupsen
Beschupp;Beschub
Beschuss-Stempel;Beschussstempel
Beschuß;Beschuss
Beschußstempel;Beschussstempel
Beschwerdeausschuß;Beschwerdeausschuss
beschwerdenfrei;beschwerdefrei
Besiedelung;Besiedlung
Besiedelungsdichte;Besiedlungsdichte
Bespieglung;Bespiegelung
Bespitzlung;Bespitzelung
Bestandaufnahme;Bestandsaufnahme
Bestandliste;Bestandsliste
Bestandschutz;Bestandsschutz
Bestandsgeber;Bestandgeber
Bestandsicherung;Bestandssicherung
Bestandsstraße;Bestandstraße
Bestandsverhältnis;Bestandverhältnis
Bestandszins;Bestandzins
Bestandvertrag;Bestandsvertrag
Bestandverzeichnis;Bestandsverzeichnis
Bestechungsaffaire;Bestechungsaffäre
Bestell-Liste;Bestellliste
Bestelliste;Bestellliste
bestgehaßt;bestgehasst
Besuchtermin;Besuchstermin
Beta-Test;Betatest
Beta-Tester;Betatester
Beta-Version;Betaversion
Betavariante;Beta-Variante
Betelnuß;Betelnuss
Betelnußpalme;Betelnusspalme
Betonguß;Betonguss
Betonkoloß;Betonkoloss
Betreffszeile;Betreffzeile
betreßt;betresst
Betriebleiter;Betriebsleiter
Betriebsausschuß;Betriebsausschuss
Betriebsfriede;Betriebsfrieden
Betriebsgewerkschaftleitung;Betriebsgewerkschaftsleitung
Betriebsgraphologe;Betriebsgrafologe
Betriebspaß;Betriebspass
Betriebsschluß;Betriebsschluss
Betriebsstillegung;Betriebsstilllegung
BetrVG;Betriebsverfassungsgesetz
Bett-Truhe;Betttruhe
Bett-Tuch;Betttuch
Bettlager;Bettenlager
bettlägrig;bettlägerig
Bettlägrigkeit;Bettlägerigkeit
Bettuch;Betttuch
Beuscherl;Beuschel
Bevölkerungsüberschuß;Bevölkerungsüberschuss
Beweisbeschluß;Beweisbeschluss
Bewerbungsschluß;Bewerbungsschluss
Bewertungsprozeß;Bewertungsprozess
Bewilligungsausschuß;Bewilligungsausschuss
Bewimplung;Bewimpelung
bewusstmachen;bewusst machen
bewußt;bewusst
Bewußtheit;Bewusstheit
bewußtlos;bewusstlos
Bewußtlosigkeit;Bewusstlosigkeit
bewußtmachen;bewusst machen
Bewußtmachung;Bewusstmachung
Bewußtsein;Bewusstsein
Bewußtseinsakt;Bewusstseinsakt
bewußtseinsbildend;bewusstseinsbildend
Bewußtseinsbildung;Bewusstseinsbildung
Bewußtseinsebene;Bewusstseinsebene
Bewußtseinsentwicklung;Bewusstseinsentwicklung
bewußtseinserweiternd;bewusstseinserweiternd
Bewußtseinserweiterung;Bewusstseinserweiterung
Bewußtseinsform;Bewusstseinsform
Bewußtseinsinhalt;Bewusstseinsinhalt
Bewußtseinslage;Bewusstseinslage
Bewußtseinslenkung;Bewusstseinslenkung
Bewußtseinslücke;Bewusstseinslücke
Bewußtseinsmanipulation;Bewusstseinsmanipulation
bewußtseinsmäßig;bewusstseinsmäßig
Bewußtseinsphilosophie;Bewusstseinsphilosophie
Bewußtseinsprozeß;Bewusstseinsprozess
Bewußtseinsschwelle;Bewusstseinsschwelle
Bewußtseinsspaltung;Bewusstseinsspaltung
Bewußtseinsstand;Bewusstseinsstand
Bewußtseinsstrom;Bewusstseinsstrom
Bewußtseinsstruktur;Bewusstseinsstruktur
Bewußtseinsstörung;Bewusstseinsstörung
Bewußtseinstatsache;Bewusstseinstatsache
Bewußtseinstrübung;Bewusstseinstrübung
Bewußtseinsumfang;Bewusstseinsumfang
bewußtseinsverändernd;bewusstseinsverändernd
Bewußtseinsveränderung;Bewusstseinsveränderung
Bewußtseinsvorgang;Bewusstseinsvorgang
Bewußtseinswandel;Bewusstseinswandel
Bewußtseinswandlung;Bewusstseinswandlung
Bewußtseinszustand;Bewusstseinszustand
Bewußtseinsänderung;Bewusstseinsänderung
Bewußtwerdung;Bewusstwerdung
Beziehungsstreß;Beziehungsstress
Bezirksamtleiter;Bezirksamtsleiter
Bezirksausschuß;Bezirksausschuss
bezugbereit;bezugsbereit
bezugfertig;bezugsfertig
Bezugrahmen;Bezugsrahmen
Bezugrecht;Bezugsrecht
Bezugschein;Bezugsschein
Bezugtermin;Bezugstermin
Bezweifelung;Bezweiflung
Bh;Bohrium
Bhagwan;Bhagvan
Bhikku;Bhikkhu
Bi;Bismut
Bibeleskäs;Bibeleskäse
Bibelgesprächkreis;Bibelgesprächskreis
Bibelglauben;Bibelglaube
Bibliograph;Bibliograf
Bibliographie;Bibliografie
bibliographieren;bibliografieren
Bibliographierung;Bibliografierung
bibliographisch;bibliografisch
Bibliothekographie;Bibliothekografie
Bicarbonat;Bikarbonat
bicyclisch;bizyklisch
Biedermannstimme;Biedermannsstimme
Bienengesumme;Bienengesumm
Bierbaß;Bierbass
Bierdimpfel;Bierdimpfl
Bierfaß;Bierfass
Bierkrügerl;Bierkrügel
Bierkrügl;Bierkrügel
Bierschenke;Bierschänke
Bigbusiness;Big Business
Bilanz-Pressekonferenz;Bilanzpressekonferenz
Bildatlas;Bilderatlas
Bildausstellung;Bilderausstellung
Bildbiographie;Bildbiografie
Bilddienst;Bilderdienst
Bilderbereich;Bildbereich
Bilderbesprechung;Bildbesprechung
Bilderbetrachtung;Bildbetrachtung
Bilderchronik;Bildchronik
Bilderdruck;Bilddruck
Bilderfolge;Bildfolge
Bilderform;Bildform
Bildergenerator;Bildgenerator
Bilderguss;Bildguss
Bilderguß;Bildguss
Bilderhalter;Bildhalter
Bilderinhalt;Bildinhalt
Bilderkunst;Bildkunst
Bildermaschine;Bildmaschine
Bildermontage;Bildmontage
Bilderrauschen;Bildrauschen
Bilderroman;Bildroman
Bilderserie;Bildserie
bilderstark;bildstark
Bilderstrecke;Bildstrecke
Bildersuchlauf;Bildsuchlauf
Bildertapete;Bildtapete
Bilderteil;Bildteil
Bilderverarbeitung;Bildverarbeitung
Bilderwörterbuch;Bildwörterbuch
Bildfälscher;Bilderfälscher
Bildgalerie;Bildergalerie
Bildgeschichte;Bildergeschichte
Bildguß;Bildguss
Bildmacher;Bildermacher
Bildmappe;Bildermappe
Bildrahmen;Bilderrahmen
bildreich;bilderreich
Bildreichtum;Bilderreichtum
Bildreihe;Bilderreihe
Bildrätsel;Bilderrätsel
Bildsammlung;Bildersammlung
Bildschatz;Bilderschatz
Bildschau;Bilderschau
Bildschirmphoto;Bildschirmfoto
Bildschmuck;Bilderschmuck
Bildschrift;Bilderschrift
Bildsprache;Bildersprache
Bildsuche;Bildersuche
Bildtelegraphie;Bildtelegrafie
Bildtelephon;Bildtelefon
Bildteppich;Bilderteppich
Bildungsabschluß;Bildungsabschluss
Bildungsausschuß;Bildungsausschuss
Bildungspotential;Bildungspotenzial
Bildungsprozeß;Bildungsprozess
Bilgewasser;Bilgenwasser
Billet;Billett
Billetausgabe;Billettausgabe
Billetautomat;Billettautomat
Billetschalter;Billettschalter
Billetverkauf;Billettverkauf
Billigairline;Billig-Airline
Bimbaumel;Bumbaumel
Bindestrich-Land;Bindestrichland
Bingis;Binggis
Binnenschiffahrt;Binnenschifffahrt
Binärkode;Binärcode
Biobibliographie;Biobibliografie
Biobäurin;Biobäuerin
Biograph;Biograf
Biographie;Biografie
Biographieforschung;Biografieforschung
Biographik;Biografik
Biographin;Biografin
biographisch;biografisch
Biostratigraphie;Biostratigrafie
Biotechunternehmen;Biotech-Unternehmen
Bircher-Mus;Birchermus
Bircher-Müesli;Birchermüsli
Bircher-Müsli;Birchermüsli
Birchermüesli;Birchermüsli
Birnbrot;Birnenbrot
Birnenbaum;Birnbaum
Birnweggen;Birnenweggen
bis-;bi-
Biscuit;Biskuit
Biscuitmasse;Biskuitmasse
Biss-Stelle;Bissstelle
Bitt-Tag;Bitttag
Bittag;Bitttag
bitteschön;bitte schön
bittesehr;bitte sehr
Bittre;Bittere
Biß;Biss
biß;biss
bißchen;bisschen
bißfest;bissfest
Bißstelle;Bissstelle
Bißwunde;Bisswunde
Bk;Berkelium
Black-Box-Methode;Blackbox-Methode
Black-out;Blackout
Blackpower;Black Power
Blacktongue;Black Tongue
Blasbalg;Blasebalg
Blasenkatarr;Blasenkatarrh
Blaserohr;Blasrohr
Blatt-Trieb;Blatttrieb
Blattkrone;Blätterkrone
blattlos;blätterlos
Blattschmuck;Blätterschmuck
Blattschuß;Blattschuss
blaß;blass
blaßblau;blassblau
blaßgelb;blassgelb
Blaßgesicht;Blassgesicht
blaßgesichtig;blassgesichtig
blaßgolden;blassgolden
blaßgrün;blassgrün
blaßlila;blasslila
blaßrosa;blassrosa
blaßrot;blassrot
Bleichcrème;Bleichcreme
Bleichkrem;Bleichcreme
Bleichkreme;Bleichcreme
bleigefaßt;bleigefasst
Bleiguß;Bleiguss
Bleihe;Bleie
Bleioxyd;Bleioxid
Bleioxydfarbe;Bleioxidfarbe
bleuen;bläuen
Bleßbock;Blessbock
Bleßente;Blessente
Bleßgans;Blessgans
Bleßhuhn;Blesshuhn
Bleßralle;Blessralle
Blindgeschoß;Blindgeschoss
Blindschuß;Blindschuss
Blingbling;Bling-Bling
blitze-;blitz-
blitzeblank;blitzblank
blitzeblau;blitzblau
Blitzlichtphoto;Blitzlichtfoto
Blog-Post;Blogpost
Blow-Job;Blowjob
Blowout;Blow-out
Blowup;Blow-up
bloßstrampeln;bloß strampeln
Blues-Rock;Bluesrock
Blueser-Szene;Blueserszene
Bluetoothstick;Bluetooth-Stick
Blumenbouquet;Blumenbukett
Blumencorso;Blumenkorso
Blumenkistel;Blumenkisterl
Blumenkistl;Blumenkisterl
Blumenkistli;Blumenkisterl
Blumenstengel;Blumenstängel
Blunzen;Blunze
blunzn;blunzen
Blunzn;Blunze
Blutdruckmeßgerät;Blutdruckmessgerät
blutdurstig;blutdürstig
Bluterguß;Bluterguss
Blutfluß;Blutfluss
Blutgemeinschaft;Blutsgemeinschaft
Blutsfahne;Blutfahne
Blutspendenaktion;Blutspendeaktion
Blutspendenaufkommen;Blutspendeaufkommen
Bluttropfen;Blutstropfen
Bluttröpfchen;Blutströpfchen
Blutzuckermeßgerät;Blutzuckermessgerät
Blässbock;Blessbock
Blässhuhn;Blesshuhn
Blässralle;Blessralle
blätterig;blättrig
Blätterkohl;Blattkohl
blätterweise;blattweise
Blätterwerk;Blattwerk
Bläuling;Blauling
bläßlich;blässlich
blöckeweise;blockweise
blöde;blöd
Blümelein;Blümlein
Blütenstengel;Blütenstängel
BNatSchG;Bundesnaturschutzgesetz
Boardinghouse;Boarding-House
Boardingschool;Boarding-School
Bockshuf;Bockhuf
Bodengelaß;Bodengelass
Bodengeschoß;Bodengeschoss
bodennahe;bodennah
Bodenriß;Bodenriss
Bodensehkaffee;Bodenseekaffee
Body-Cam;Bodycam
Bodydrill;Body-Drill
Bodystocking;Body-Stocking
Bodystyling;Body-Styling
Bogenschuß;Bogenschuss
Bohème;Boheme
Bohémien;Bohemien
Bollywood-Film;Bollywoodfilm
Bollywood-Star;Bollywoodstar
Bolzenschußgerät;Bolzenschussgerät
bolzgerade;bolzengerade
bolzsteif;bolzensteif
Bombenschuß;Bombenschuss
Bonbonniere;Bonboniere
Bongossi;Bongosi
Bonnbefürworter;Bonn-Befürworter
Bookbuilding-Spanne;Bookbuildingspanne
Bootpartie;Bootspartie
Bootscorso;Bootskorso
Bootskompaß;Bootskompass
bootweise;bootsweise
Borderline-Syndrom;Borderlinesyndrom
Bordero;Bordereau
Boreout;Bore-out
Boreout-Syndrom;Bore-out-Syndrom
Boretsch;Borretsch
Bort;Bord
Boskop;Boskoop
Bosnische;Bosnisch
Bottle-Party;Bottleparty
Bougran;Bougram
Boulette;Bulette
Bouquet;Bukett
Bouquetwein;Bukettwein
Bourette;Bourrette
Boutiquenbesitzer;Boutiquebesitzer
Boutiquenbesitzerin;Boutiquebesitzerin
Bowleglas;Bowlenglas
Bowlelöffel;Bowlenlöffel
Bowling-Center;Bowlingcenter
Boxenstop;Boxenstopp
Boxingday;Boxing-Day
Boxkalf;Boxcalf
Boxkalfschuh;Boxcalfschuh
Boß;Boss
Bq;Becquerel
Br;Brom
Brain-Trust;Braintrust
branchekundig;branchenkundig
brancheüblich;branchenüblich
Brandgeschoß;Brandgeschoss
Branntweinfaß;Branntweinfass
Branntweinfäßchen;Branntweinfässchen
Branntweingenuß;Branntweingenuss
Bratensauce;Bratensoße
Brathenderl;Brathendl
Braufaß;Braufass
braun-grau;braungrau
Braunkohlenablagerung;Braunkohleablagerung
Braunkohlenbagger;Braunkohlebagger
Braunkohlenbau;Braunkohlebau
Braunkohlenbergbau;Braunkohlebergbau
Braunkohlenbergwerk;Braunkohlebergwerk
Braunkohlenbrikett;Braunkohlebrikett
Braunkohlenflöz;Braunkohleflöz
Braunkohlenformation;Braunkohleformation
Braunkohlenförderer;Braunkohleförderer
Braunkohlenförderung;Braunkohleförderung
Braunkohlengas;Braunkohlegas
Braunkohlengewinnung;Braunkohlegewinnung
Braunkohlengrube;Braunkohlegrube
Braunkohlenkoks;Braunkohlekoks
Braunkohlenkombinat;Braunkohlekombinat
Braunkohlenkraftwerk;Braunkohlekraftwerk
Braunkohlenlager;Braunkohlelager
Braunkohlenproduktion;Braunkohleproduktion
Braunkohlenrevier;Braunkohlerevier
Braunkohlenschwelerei;Braunkohleschwelerei
Braunkohlenstaub;Braunkohlestaub
Braunkohlentagebau;Braunkohletagebau
Braunkohlenteer;Braunkohleteer
Braunkohlenveredelung;Braunkohleveredelung
Braunkohlenvorkommen;Braunkohlevorkommen
Brautbouquet;Brautbukett
Bravur;Bravour
Bravurarie;Bravourarie
Bravurleistung;Bravourleistung
bravurös;bravourös
Braß;Brass
Breakeven;Break-even
Breakeven-Point;Break-even-Point
Bredle;Brötle
Breedle;Brötle
Breitbandanschluß;Breitbandanschluss
breitmaulig;breitmäulig
Brekzie;Breccie
Bremsendefekt;Bremsdefekt
Bremsenprüfung;Bremsprüfung
Bremsenversagen;Bremsversagen
Bremsprüfstand;Bremsenprüfstand
Brenn-Nessel;Brennnessel
Brennessel;Brennnessel
Brennesselstoff;Brennnesselstoff
Brennschluß;Brennschluss
Bretonische;Bretonisch
Brettel;Brettl
Brettl-Diva;Brettldiva
Bretzel;Brezel
Brexitbefürworter;Brexit-Befürworter
Briefcouvert;Briefkuvert
Briefeschreiber;Briefschreiber
Brikett-Träger;Brikettträger
Briketträger;Brikettträger
Brillantenkreuz;Brillantkreuz
Brillantkollier;Brillantcollier
Bringeschuld;Bringschuld
Brisanzgeschoß;Brisanzgeschoss
Broccoli;Brokkoli
Bronchialkatarr;Bronchialkatarrh
Bronchografie;Bronchographie
Bronzeguß;Bronzeguss
Brosamen;Brosame
Browser-Cache;Browsercache
Browser-Erweiterung;Browsererweiterung
Browser-Fenster;Browserfenster
Browser-Spiel;Browserspiel
Browser-Verlauf;Browserverlauf
Brudergemeinde;Brüdergemeinde
Bruderhaß;Bruderhass
Bruderkuß;Bruderkuss
Brummbaß;Brummbass
Brustdurchschuß;Brustdurchschuss
brutig;brütig
Bruttogeschoßfläche;Bruttogeschossfläche
Bruttoinlandprodukt;Bruttoinlandsprodukt
Bruzin;Brucin
Brägen;Bregen
Bräme;Breme
Bräunungscrème;Bräunungscreme
Bräunungskrem;Bräunungscreme
Bräunungskreme;Bräunungscreme
Bräustüberl;Bräustübel
bröcklig;bröckelig
Bröckligkeit;Bröckeligkeit
Brödle;Brötle
bröslig;bröselig
Brüderduell;Bruderduell
Brüderkampf;Bruderkampf
Brüderpaar;Bruderpaar
Brüderstreit;Bruderstreit
Brühfaß;Brühfass
Buchabgabe;Bücherabgabe
Buchablage;Bücherablage
Buchabschluss;Bücherabschluss
Buchabschluß;Bücherabschluss
Buchangebot;Bücherangebot
Buchanzeige;Bücheranzeige
Buchauktion;Bücherauktion
Buchaustausch;Bücheraustausch
Buchbasar;Bücherbasar
Buchbazar;Bücherbasar
Buchberg;Bücherberg
Buchbestand;Bücherbestand
Buchbord;Bücherbord
Buchbrett;Bücherbrett
Buchdieb;Bücherdieb
Buchfabrikant;Bücherfabrikant
Buchflut;Bücherflut
Buchfreund;Bücherfreund
Buchgeschäft;Büchergeschäft
Buchgestell;Büchergestell
Buchgraphik;Buchgrafik
Buchhalle;Bücherhalle
Buchkasten;Bücherkasten
Buchkauf;Bücherkauf
Buchkiosk;Bücherkiosk
Buchkiste;Bücherkiste
Buchklub;Buchclub
Buchkunde;Bücherkunde
Buchleidenschaft;Bücherleidenschaft
Buchliebhaber;Bücherliebhaber
Buchmagazin;Büchermagazin
Buchmappe;Büchermappe
Buchmarder;Büchermarder
Buchmensch;Büchermensch
Buchnarr;Büchernarr
Buchpaket;Bücherpaket
Buchpaß;Buchpass
Buchproduktion;Bücherproduktion
Buchregal;Bücherregal
Buchreihe;Bücherreihe
Buchrevision;Bücherrevision
Buchrevisor;Bücherrevisor
Buchsammler;Büchersammler
Buchsammlung;Büchersammlung
Buchschatz;Bücherschatz
Buchschrank;Bücherschrank
Buchsendung;Büchersendung
Buchspende;Bücherspende
Buchstabenglauben;Buchstabenglaube
Buchstabenschloß;Buchstabenschloss
Buchstapel;Bücherstapel
Buchstütze;Bücherstütze
Buchtasche;Büchertasche
Buchtip;Buchtipp
Buchtisch;Büchertisch
Buchverbot;Bücherverbot
Buchverbrennung;Bücherverbrennung
Buchverkauf;Bücherverkauf
Buchversand;Bücherversand
Buchverzeichnis;Bücherverzeichnis
Buchwagen;Bücherwagen
Buchwand;Bücherwand
Buchweisheit;Bücherweisheit
Buchwurm;Bücherwurm
buckelig;bucklig
Buckelochs;Buckelochse
Budl;Budel
Bufetwagen;Büfettwagen
Buffet;Büfett
Buffetaufsatz;Büfettaufsatz
Buffetdame;Büfettdame
Buffetfräulein;Büfettfräulein
Buffettochter;Büfetttochter
Buffettwagen;Büfettwagen
Buffetwagen;Büfettwagen
Bug-Report;Bugreport
Buh-Ruf;Buhruf
Buhei;Bohei
Buklee;Bouclé
Bukleeteppich;Boucléteppich
Bulgarische;Bulgarisch
bullrig;bullerig
Bully;Bulli
Bumbaß;Bumbass
bummlig;bummelig
Bummligkeit;Bummeligkeit
bummsvoll;bumsvoll
bumvoll;bummvoll
Bundes-Verfassungsgesetz;Bundesverfassungsgesetz
Bundeskongreß;Bundeskongress
Bundesligaklub;Bundesligaclub
Bundesratsbeschluß;Bundesratsbeschluss
Bundestagsausschuß;Bundestagsausschuss
Bundestagsbeschluß;Bundestagsbeschluss
Bundestagsuntersuchungsausschuß;Bundestagsuntersuchungsausschuss
Bundeswahlausschuß;Bundeswahlausschuss
Bungeejumping;Bungee-Jumping
Buntbartschloß;Buntbartschloss
buntfärbig;buntfarbig
buntgeblumt;buntgeblümt
Burgfriede;Burgfrieden
Burgfriedenpolitik;Burgfriedenspolitik
Burn-out;Burnout
Burn-out-Syndrom;Burnout-Syndrom
Bus-Terminal;Busterminal
Buschenschenke;Buschenschänke
Busengrabschen;Busengrapschen
Busengrabscher;Busengrapscher
Business-Lounge;Businesslounge
Businessclass;Business-Class
Businessklasse;Business-Klasse
Busineßklasse;Business-Klasse
Busineßplan;Businessplan
Busuki;Bouzouki
Butike;Boutique
Buttercrème;Buttercreme
Buttercrèmetorte;Buttercremetorte
Butterfaß;Butterfass
Butterkrem;Buttercreme
Butterkreme;Buttercreme
Butterkremetorte;Buttercremetorte
Butterkremtorte;Buttercremetorte
buttrig;butterig
Butzenmann;Butzemann
Buyout;Buy-out
BVerfG;Bundesverfassungsgericht
BVerwG;Bundesverwaltungsgericht
BVGer;Bundesverwaltungsgericht
BVwG;Bundesverwaltungsgericht
Bypass-Operation;Bypassoperation
Bäderbetreiber;Badbetreiber
Bäderpersonal;Badpersonal
Bäderplaner;Badplaner
Bäderumbau;Badumbau
Bänderriß;Bänderriss
Bänker;Banker
Bärenlauch;Bärlauch
bäuchig;bauchig
bäuerisch;bäurisch
Bäurin;Bäuerin
Béchamelsauce;Béchamelsoße
Bö;Böe
bödelen;bödeln
bögenweise;bogenweise
Bölimaa;Bölimann
Bölle;Belli
Böllerschuß;Böllerschuss
Börsegesetz;Börsengesetz
Börsenschluß;Börsenschluss
Börsentip;Börsentipp
bös;böse
Böölimaa;Bölimann
Böölimann;Bölimann
Bücherabschluß;Bücherabschluss
Bücherausgabe;Buchausgabe
Bücherausstellung;Buchausstellung
Bücherbazar;Bücherbasar
Bücherbort;Bücherbord
Büchergroßhändler;Buchgroßhändler
Bücherheld;Buchheld
Bücherkäufer;Buchkäufer
Bücherladen;Buchladen
Büchermarkt;Buchmarkt
Büchermesse;Buchmesse
Bücherrücken;Buchrücken
Bücherserie;Buchserie
Bücherverkäufer;Buchverkäufer
Büchervorstellung;Buchvorstellung
Bücherwissen;Buchwissen
Büchsenschuß;Büchsenschuss
Bücking;Bückling
Büfettochter;Büfetttochter
Büffet;Büfett
Büffetaufsatz;Büfettaufsatz
Büffetdame;Büfettdame
Büffetfräulein;Büfettfräulein
Büffettochter;Büfetttochter
Büffetwagen;Büfettwagen
Bügelschloß;Bügelschloss
Bügelverschluß;Bügelverschluss
Bühl;Bühel
Bündnerromanische;Bündnerromanisch
Bürgerausschuß;Bürgerausschuss
Bürgermeister-Wahlkampf;Bürgermeisterwahlkampf
Bürgersfrau;Bürgerfrau
Bürgerssohn;Bürgersohn
Bürgerstochter;Bürgertochter
Bürgertelephon;Bürgertelefon
Büroschluß;Büroschluss
büschlig;büschelig
C;c
Ca;Kalzium
Cabaret;Kabarett
Cabletransfer;Cable-Transfer
Caddie;Caddy
Cadmiumgehalt;Kadmiumgehalt
Caesium;Cäsium
Calcit;Kalzit
Calcium;Kalzium
Calciumcarbonat;Kalziumkarbonat
Calciumchlorid;Kalziumchlorid
Calciumhydroxid;Kalziumhydroxid
Calciumhydroxyd;Kalziumhydroxid
Calciumkarbid;Kalziumkarbid
Calciummangel;Kalziummangel
Calciumoxid;Kalziumoxid
Calciumoxyd;Kalziumoxid
Calciumphosphat;Kalziumphosphat
Calciumsalz;Kalziumsalz
Calciumspiegel;Kalziumspiegel
Calciumsulfat;Kalziumsulfat
Calciumverbindung;Kalziumverbindung
Calembourg;Calembour
Caliban;Kaliban
Call-Center;Callcenter
Calling-Card;Callingcard
Cam-Girl;Camgirl
Campagne;Kampagne
campagnemäßig;kampagnenmäßig
campagnenmäßig;kampagnenmäßig
Canapé;Kanapee
Candlelight-Dinner;Candle-Light-Dinner
Cantharidin;Kantharidin
Canyon;Cañon
Capo;Kapo
Caprice;Kaprice
Car-Sharing;Carsharing
Caramelchöpfli;Caramelköpfli
carb-;karbo-
carbo-;karbo-
Carbonat;Karbonat
Carbonfaser;Karbonfaser
carbonitrieren;karbonitrieren
Carbonrahmen;Karbonrahmen
Carearbeit;Care-Arbeit
Carotin;Karotin
Carotinoid;Karotinoid
Carvingski;Carving-Ski
Casehistory;Case-History
Cash-and-carry-Klausel;Cash-and-Carry-Klausel
Cashewnuß;Cashewnuss
Casino;Kasino
Casinobetreiber;Kasinobetreiber
Casinokapitalismus;Kasinokapitalismus
Cassation;Kassation
Casting-Show;Castingshow
Castorbehälter;Castor-Behälter
Catchup;Ketchup
cbm;Kubikmeter
ccm;Kubikzentimeter
Cd;Cadmium
Ce;Cer
Ceauşescu-Diktatur;Ceauşescudiktatur
Cellophan;Zellophan
Cellophanbeutel;Zellophanbeutel
Cellophanfolie;Zellophanfolie
Cellulose;Zellulose
Center-Court;Centre-Court
Centercourt;Centre-Court
Centrecourt;Centre-Court
Cerberus;Zerberus
Cerebellum;Zerebellum
Cerebrum;Zerebrum
Cervelatswurst;Zervelatwurst
Cervelatwurst;Zervelatwurst
Ces;ces
Cf;Californium
cg;Zentigramm
Chabis;Kabis
Championsleague;Champions-League
Chan;Khan
Chansonette;Chansonnette
Chansonnier;Chansonier
Chartserfolg;Charterfolg
Chartsspitze;Chartspitze
Chasperli;Kasperli
Chat-Fenster;Chatfenster
Chat-Forum;Chatforum
Chat-Group;Chatgroup
Chat-Protokoll;Chatprotokoll
Chat-Raum;Chatraum
Chazzan;Chasan
Cheatcode;Cheat-Code
Checkkarte;Scheckkarte
Chef-Scout;Chefscout
Chemigraphie;Chemigrafie
Cherrybrandy;Cherry-Brandy
Chia-Samen;Chiasamen
Chic;Schick
chic;schick
Chicken-Wing;Chickenwing
Chickennugget;Chicken-Nugget
chimärisch;schimärisch
Chinesische;Chinesisch
Chionograph;Chionograf
Chip-Architektur;Chiparchitektur
Chip-Hersteller;Chiphersteller
Chipball;Chip-Ball
Chiptüte;Chipstüte
Chirograph;Chirograf
Chlausjagen;Klausjagen
Chlordioxyd;Chlordioxid
Chlorophyllcrème;Chlorophyllcreme
Chlorophyllkrem;Chlorophyllcreme
Chlorophyllkreme;Chlorophyllcreme
Chläna;Chlaina
Cholezystographie;Cholezystografie
Cholostase;Cholestase
chondr-;chondro-
Chop-suey;Chopsuey
Choreograph;Choreograf
Choreographie;Choreografie
choreographieren;choreografieren
choreographisch;choreografisch
Chrachen;Krachen
Christenglauben;Christenglaube
Christenklub;Christenclub
Christkindel;Christkindl
Christkindelmarkt;Christkindlmarkt
Christkindelsmarkt;Christkindlmarkt
Christkindle;Christkindl
Christkindlemarkt;Christkindlmarkt
Christkindlesmarkt;Christkindlmarkt
Christkindli;Christkindl
Chromatographie;Chromatografie
chromatographieren;chromatografieren
Chromoxyd;Chromoxid
Chromoxydgrün;Chromoxidgrün
chron-;chrono-
Chronikschreiber;Chronikenschreiber
Chronograph;Chronograf
Chronographie;Chronografie
Chronophotographie;Chronofotografie
Chrysographie;Chrysografie
Chrysokalk;Chrysochalk
Château;Chateau
Ci;Curie
Cinchstecker;Cinch-Stecker
circa;zirka
Circus;Zirkus
Circusartist;Zirkusartist
Circusbau;Zirkusbau
Circusbesucher;Zirkusbesucher
Circusblut;Zirkusblut
Circusclown;Zirkusclown
Circusdirektor;Zirkusdirektor
Circuseffekt;Zirkuseffekt
Circusfamilie;Zirkusfamilie
Circuskunst;Zirkuskunst
Circuskuppel;Zirkuskuppel
Circuskünstler;Zirkuskünstler
Circusleben;Zirkusleben
Circusluft;Zirkusluft
Circusmanege;Zirkusmanege
Circusmitarbeiter;Zirkusmitarbeiter
Circusnummer;Zirkusnummer
Circuspferd;Zirkuspferd
Circuspublikum;Zirkuspublikum
circusreif;zirkusreif
Circusreiter;Zirkusreiter
Circusreiterin;Zirkusreiterin
Circusspektakel;Zirkusspektakel
Circusunternehmen;Zirkusunternehmen
Circusvorführung;Zirkusvorführung
Circusvorstellung;Zirkusvorstellung
Circuswagen;Zirkuswagen
Circuswelt;Zirkuswelt
Circuszelt;Zirkuszelt
Cis;cis
Citral;Zitral
Citrat;Zitrat
City-Roller;Cityroller
Citytax;City-Tax
cl;Zentiliter
Cl;Chlor
Claroladen;Claro-Laden
Clementine;Klementine
Cliffhänger;Kliffhänger
Cloud-Computing;Cloudcomputing
Cloud-Speicher;Cloudspeicher
Clownfigur;Clownsfigur
Clownkostüm;Clownskostüm
Clownmaske;Clownsmaske
Clownnummer;Clownsnummer
Clownsduo;Clownduo
Club;Klub
Clubbeitrag;Klubbeitrag
Clubbesitzer;Klubbesitzer
Clubbetreiber;Klubbetreiber
Clubboß;Clubboss
Clubhistorie;Klubhistorie
clubintern;klubintern
Clubkamerad;Klubkamerad
Clubkampf;Klubkampf
Clublandschaft;Klublandschaft
Clubmitglied;Klubmitglied
Clubspitze;Klubspitze
Clubtour;Klubtour
Clubzwang;Klubzwang
Cm;Curium
cm;Zentimeter
Cn;Copernicium
Co-Working;Coworking
Coautor;Co-Autor
Coautorin;Co-Autorin
Cobalt;Kobalt
Cochenilleschildlaus;Koschenilleschildlaus
Cocktail-Lounge;Cocktaillounge
Cocktail-Party;Cocktailparty
Cocktailsauce;Cocktailsoße
Codeswitching;Code-Switching
Codex;Kodex
Coffein;Koffein
Colchicin;Kolchizin
collagenartig;collageartig
Colon;Kolon
Come-back;Comeback
Come-back-Album;Comebackalbum
Come-back-Tour;Comebacktour
Come-back-Versuch;Comebackversuch
Come-down;Comedown
Comeback-Album;Comebackalbum
Comeback-Tour;Comebacktour
Comeback-Versuch;Comebackversuch
Comedy-Serie;Comedyserie
Comedyshow;Comedy-Show
Comedystar;Comedy-Star
Comic-Strip;Comicstrip
Comingout;Coming-out
Commonsense;Common Sense
Communiqué;Kommuniqué
Compactdisc;Compact Disc
Compactdisk;Compact Disc
Computer-Freak;Computerfreak
Computer-Nerd;Computernerd
Computergraphik;Computergrafik
computergraphisch;computergrafisch
Computertomograph;Computertomograf
Computertomographie;Computertomografie
Computist;Komputist
Conceptart;Concept-Art
Concertina;Konzertina
Concetti;Konzetti
Concha;Koncha
Conductus;Konduktus
Confiserie;Konfiserie
Confiseur;Konfiseur
Contentmanagement;Content-Management
Contra;Kontra
contra;kontra
Contrabassist;Kontrabassist
Contrafagott;Kontrafagott
Contrapunkt;Kontrapunkt
Contretanz;Kontretanz
Controletti;Kontrolletti
Controlletti;Kontrolletti
Convenience-Produkt;Convenienceprodukt
Conveniencefood;Convenience-Food
Copilot;Co-Pilot
Copilotin;Co-Pilotin
Coproduzent;Co-Produzent
Coproduzentin;Co-Produzentin
Copy-and-Paste;Copy and Paste
Copy-and-paste;Copy and Paste
Copy-Shop;Copyshop
Coregisseur;Co-Regisseur
Coregisseurin;Co-Regisseurin
Cornedbeef;Corned Beef
Cornedpork;Corned Pork
Cornett;Kornett
Corona-Bond;Coronabond
Corona-Demo;Coronademo
Corona-Ferien;Coronaferien
Corona-Impfstoff;Coronaimpfstoff
Corona-Kabinett;Coronakabinett
Corona-Krise;Coronakrise
Corona-Party;Coronaparty
Corona-Radweg;Coronaradweg
Corona-Sünder;Coronasünder
Corona-Sünderin;Coronasünderin
Corona-Testpass;Coronatestpass
Corona-Testpaß;Coronatestpass
Corona-Warnapp;Corona-Warn-App
Coronaabitur;Corona-Abitur
Coronaapp;Corona-App
Coronapandemie;Corona-Pandemie
Coronatestpaß;Coronatestpass
Coronaviruspandemie;Coronavirus-Pandemie
Corps;Korps
Corpsbruder;Korpsbruder
Corpsbursche;Korpsbursche
Corpsführer;Korpsführer
Corpsführerin;Korpsführerin
Corpsgeist;Korpsgeist
Corpsstudent;Korpsstudent
Corregidor;Korregidor
Corrigendum;Korrigendum
Corso;Korso
Corsofahrt;Korsofahrt
Cortex;Kortex
Corticosteroid;Kortikosteroid
Cortison;Kortison
cortisonhaltig;kortisonhaltig
cos;Kosinus
Costa-Ricaner;Costa Ricaner
Costa-Ricanerin;Costa Ricanerin
cot;Kotangens
Cotrainer;Co-Trainer
Cotrainerin;Co-Trainerin
Couch-Kartoffel;Couchkartoffel
Couch-Surfer;Couchsurfer
Couchpotato;Couch-Potato
Count-down;Countdown
Country-Fan;Countryfan
Couponabschneider;Kuponabschneider
Couponschneider;Kuponschneider
Couvert;Kuvert
couvertieren;kuvertieren
Couverture;Kuvertüre
Cover-Album;Coveralbum
Cover-Version;Coverversion
Covid;COVID
Covorsitzende;Co-Vorsitzende
Coworking-Space;Co-Working-Space
Coyote;Kojote
Cr;Chrom
Craft-Beer;Craftbeer
Craft-Bier;Craftbier
Crambambuli;Krambambuli
Craquelure;Krakelüre
Craquelé;Krakelee
Crash-Kurs;Crashkurs
Crawl;Kraul
crawlen;kraulen
Crawlstil;Kraulstil
Creas;Kreas
cremefärbig;cremefarbig
Creole;Kreole
Crepeline;Krepeline
Crepon;Krepon
Crevette;Krevette
Crop-Top;Croptop
Croquis;Kroki
Cross-Dresser;Crossdresser
Cross-Dresserin;Crossdresserin
Cross-Dressing;Crossdressing
Cross-Maschine;Crossmaschine
Cross-over;Crossover
Cross-Rad;Crossrad
Crowd-Funding;Crowdfunding
Crowdinvesting;Crowd-Investing
Crème;Creme
crème;creme
crèmeartig;cremeartig
crèmefarben;cremefarben
crèmefarbig;cremefarbig
crèmefärbig;cremefarbig
Crèmefülle;Cremefülle
Crèmefüllung;Cremefüllung
Crèmegebäck;Cremegebäck
Crèmemaske;Crememaske
Crèmerolle;Cremerolle
Crèmeschnitte;Cremeschnitte
Crèmeschokolade;Cremeschokolade
Crèmetorte;Cremetorte
Crèmetörtchen;Cremetörtchen
crèmeweiß;cremeweiß
Crêpeschuh;Kreppschuh
Cs;Cäsium
Csarda;Csárda
Csardas;Csárdás
ct;Cent
Ct;Karat
Cu;Kupfer
Cuitseide;Cuiteseide
Cumberlandsauce;Cumberlandsoße
Cumulus;Kumulus
Cuprein;Kuprein
Curarin;Kurarin
Currysoße;Currysauce
Cyan;Zyan
Cyanat;Zyanat
Cyanid;Zyanid
Cyber-Angriff;Cyberangriff
Cyber-Attacke;Cyberattacke
Cyber-Grooming;Cybergrooming
Cyber-Kriminalität;Cyberkriminalität
Cyber-Kriminelle;Cyberkriminelle
Cyber-Monday;Cyber Monday
Cyber-Strategie;Cyberstrategie
Cybermonday;Cyber Monday
Cymbal;Zymbal
Cytokin;Zytokin
Cœur;Coeur
Cœuracht;Coeuracht
Cœurdame;Coeurdame
D;d
D-A-CH;DACH
Da-Capo-Arie;Da-capo-Arie
dabeisein;dabei sein
Dacapo-Arie;Da-capo-Arie
Dacapoarie;Da-capo-Arie
Dachgaupe;Dachgaube
Dachgeschoß;Dachgeschoss
Dachgeschoßausbau;Dachgeschossausbau
Dachgeschoßwohnung;Dachgeschosswohnung
Dachsfehe;Dachsfähe
Dacit;Dazit
dag;Dekagramm
dahinsein;dahin sein
Dahlienbouquet;Dahlienbukett
Dakapo;Dacapo
Dakapoarie;Da-capo-Arie
daktyl-;daktylo-
dalberig;dalbrig
Damenfrisör;Damenfriseur
Damenklub;Damenclub
Dammriß;Dammriss
Dampfroß;Dampfross
Dampfschiffahrt;Dampfschifffahrt
Dampfschiffahrtsgesellschaft;Dampfschifffahrtsgesellschaft
Danaidenfaß;Danaidenfass
Dankbesuch;Dankesbesuch
Dankbrief;Dankesbrief
Dankesadresse;Dankadresse
Dankeslied;Danklied
Dankesschreiben;Dankschreiben
Dankwort;Dankeswort
Dao;Tao
Darkweb;Dark Web
Darlehn;Darlehen
Darlehnsgeber;Darlehensgeber
Darlehnsgewährung;Darlehensgewährung
Darlehnsnehmer;Darlehensnehmer
Darlehnsschuld;Darlehensschuld
Darmkatarr;Darmkatarrh
Darmverschluß;Darmverschluss
das;der
dasein;da sein
Daseinswillen;Daseinswille
dasjenige;derjenige
dasselbe;derselbe
dasselbige;derselbige
Dasssatz;dass-Satz
Datamining;Data-Mining
Dateinamen;Dateiname
Datenabfluß;Datenabfluss
Datenfluß;Datenfluss
Datenmißbrauch;Datenmissbrauch
Dating-Plattform;Datingplattform
Dating-Portal;Datingportal
Datingtrend;Dating-Trend
Datumstempel;Datumsstempel
Dauerstreß;Dauerstress
Daumesbreite;Daumenbreite
Davidsstern;Davidstern
Davis-Cup;Daviscup
Davis-Pokal;Davispokal
DAX;Dax
DAX-Unternehmen;Dax-Unternehmen
DAX-Wert;Dax-Wert
Day-Cruiser;Daycruiser
Day-Trader;Daytrader
Day-Trading;Daytrading
daß;dass
Daß;Dass
daß-Satz;dass-Satz
db;dB
Db;Dubnium
De-Facto-Anerkennung;De-facto-Anerkennung
De-Jure-Anerkennung;De-jure-Anerkennung
De-Luxe-Ausstattung;De-luxe-Ausstattung
Deandl;Dirndl
Debattierklub;Debattierclub
Debrecziner;Debreziner
Debt-Management;Debtmanagement
Decalo;Dekalo
Deckaufbau;Decksaufbau
Deckdienst;Decksdienst
Deckhaus;Deckshaus
Deckladung;Decksladung
Decklast;Deckslast
Deckluke;Decksluke
Deckplanke;Decksplanke
Decksmannschaft;Deckmannschaft
Decksoffizier;Deckoffizier
Deckstütze;Decksstütze
Decouvert;Dekuvert
decouvrieren;dekuvrieren
Decubitus;Dekubitus
Dederon-Textur;Dederontextur
Deejaying;DJing
Deepweb;Deep Web
Deetz;Dez
Defaitismus;Defätismus
Defaitist;Defätist
defaitistisch;defätistisch
Deficitspending;Deficit-Spending
Deflationsprozeß;Deflationsprozess
Deichschart;Deichschaart
deine;dein
Dekoder;Decoder
dekodieren;decodieren
Dekodierung;Decodierung
Dekolletee;Dekolleté
dekrescendo;decrescendo
Delikatess-Senf;Delikatesssenf
Delikatessgeschäft;Delikatessengeschäft
Delikatesshandlung;Delikatessenhandlung
Delikatessladen;Delikatessenladen
Delikatessmajonäse;Delikatessmayonnaise
Delikateßgeschäft;Delikatessengeschäft
Delikateßgurke;Delikatessgurke
Delikateßhandlung;Delikatessenhandlung
Delikateßhering;Delikatesshering
Delikateßladen;Delikatessenladen
Delikateßmajonäse;Delikatessmayonnaise
Delikateßmayonnaise;Delikatessmayonnaise
Delikateßsenf;Delikatesssenf
Delikateßware;Delikatessware
Deliktgut;Deliktsgut
Delikthaftung;Deliktshaftung
Deliktrecht;Deliktsrecht
Delphin;Delfin
Delphinarium;Delfinarium
delphingrau;delfingrau
Delphinologe;Delfinologe
Delphinschlag;Delfinschlag
delphinschwimmen;delfinschwimmen
Delphinschwimmen;Delfinschwimmen
Delphinschwimmer;Delfinschwimmer
Delphinsprung;Delfinsprung
Delphinstil;Delfinstil
Delta-Variante;Deltavariante
Demagog;Demagoge
dementiell;demenziell
Deminutiv;Diminutiv
Deminutivum;Diminutivum
Demograph;Demograf
Demographie;Demografie
demographisch;demografisch
Demokratiebewußtsein;Demokratiebewusstsein
Demokratisierungsprozeß;Demokratisierungsprozess
demungeachtet;dessen ungeachtet
demutvoll;demutsvoll
dendr-;dendro-
Denglische;Denglisch
Denisovamensch;Denisova-Mensch
Denkmalenthüllung;Denkmalsenthüllung
Denkmalsamt;Denkmalamt
Denkmalsensemble;Denkmalensemble
denkmalsgeschützt;denkmalgeschützt
Denkmalspflege;Denkmalpflege
Denkmalspfleger;Denkmalpfleger
denkmalspflegerisch;denkmalpflegerisch
Denkmalsschutz;Denkmalschutz
Denkmalsschutzgesetz;Denkmalschutzgesetz
Denkmalsschändung;Denkmalschändung
Denkmalssockel;Denkmalsockel
Denkmalsweihe;Denkmalweihe
Denkprozeß;Denkprozess
deplacieren;deplatzieren
deplaciert;deplatziert
Deplacierung;Deplatzierung
deplazieren;deplatzieren
deplaziert;deplatziert
Deplazierung;Deplatzierung
deppat;deppert
derenthalben;derethalben
derentwegen;deretwegen
derentwillen;deretwillen
Derivatengeschäft;Derivategeschäft
dermat-;dermato-
Dermograph;Dermograf
Dermographie;Dermografie
derweile;derweil
derweilen;derweil
Des;des
des-;de-
Desintegrationsprozeß;Desintegrationsprozess
Desktop-Version;Desktopversion
desoxydieren;desoxidieren
dessenungeachtet;dessen ungeachtet
Destillationsprozeß;Destillationsprozess
desungeachtet;dessen ungeachtet
deuter-;deutero-
Deuteriumoxyd;Deuteriumoxid
Deutsche;Deutsch
Deutschenhaß;Deutschenhass
Deutschland-Achter;Deutschlandachter
Deutschlandkoalition;Deutschland-Koalition
Deutungsprozeß;Deutungsprozess
Deux-Pièces;Deuxpièces
Devisenabfluß;Devisenabfluss
Devisenzufluß;Devisenzufluss
Devisenüberschuß;Devisenüberschuss
Dexiographie;Dexiografie
Dhau;Dau
Di;Dienstag
Diafonie;Diaphonie
Diagonalpaß;Diagonalpass
Diagraph;Diagraf
Dialektgeographie;Dialektgeografie
dialektgeographisch;dialektgeografisch
diamantenbesetzt;diamantbesetzt
Diamantencollier;Diamantcollier
Diamantengeschmeide;Diamantgeschmeide
diamantengeschmückt;diamantgeschmückt
Diamantenhalsband;Diamanthalsband
Diamantenkette;Diamantkette
Diamantenkollier;Diamantcollier
Diamantenring;Diamantring
Diamantenschleifer;Diamantschleifer
Diamantenschmuck;Diamantschmuck
Diamantensplitter;Diamantsplitter
Diamantenstaub;Diamantstaub
Diamantkollier;Diamantcollier
Diamantmine;Diamantenmine
Diamantvorkommen;Diamantenvorkommen
Diarrhoe;Diarrhöe
Diarrhö;Diarrhöe
Dichterbiographie;Dichterbiografie
Dichterphantasie;Dichterfantasie
Dichterportrait;Dichterporträt
Dichterroß;Dichterross
Dichtestreß;Dichtestress
dickbäuchig;dickbauchig
Dicketuer;Dicktuer
dicketun;dicktun
dickkremig;dickcremig
Dickmadame;Dickmadam
dickschädlig;dickschädelig
Dickschädligkeit;Dickschädeligkeit
dickstengelig;dickstängelig
dickstenglig;dickstängelig
dickstänglig;dickstängelig
die;der
Diebesgelichter;Diebsgelichter
Diebesgesindel;Diebsgesindel
Diebsbande;Diebesbande
Diebsbeute;Diebesbeute
Diebstahlkriminalität;Diebstahlskriminalität
Diebstahlsschutz;Diebstahlschutz
diebstahlssicher;diebstahlsicher
Diebstahlsversicherung;Diebstahlversicherung
Diebstahlsversuch;Diebstahlversuch
diejenige;derjenige
Dienstanbieter;Diensteanbieter
Diensteklasse;Dienstklasse
Dienstleistungsprozeß;Dienstleistungsprozess
Dienstschluß;Dienstschluss
Diensttelephon;Diensttelefon
Diensttelephonat;Diensttelefonat
dies;dieser
diese;dieser
dieselbe;derselbe
dieselbige;derselbige
dieses;dieser
Diesseitsglauben;Diesseitsglaube
dieweilen;dieweil
differential;differenzial
Differential;Differenzial
Differentialanalysator;Differenzialanalysator
Differentialdiagnose;Differenzialdiagnose
Differentialdiagnostik;Differenzialdiagnostik
differentialdiagnostisch;differenzialdiagnostisch
Differentialgalvanometer;Differenzialgalvanometer
Differentialgeometrie;Differenzialgeometrie
Differentialgetriebe;Differenzialgetriebe
Differentialgewinn;Differenzialgewinn
Differentialgleichung;Differenzialgleichung
Differentialquotient;Differenzialquotient
Differentialrechnung;Differenzialrechnung
Differentialrente;Differenzialrente
Differentialschaltung;Differenzialschaltung
Differentialschutz;Differenzialschutz
Differentialsperre;Differenzialsperre
Differentialtarif;Differenzialtarif
Differentialzoll;Differenzialzoll
Differentiat;Differenziat
Differentiation;Differenziation
Differentiator;Differenziator
differentiell;differenziell
Differenzierungsprozeß;Differenzierungsprozess
Diffusionsprozeß;Diffusionsprozess
Digga;Digger
Digitalphoto;Digitalfoto
Digitalphotographie;Digitalfotografie
Digraph;Digraf
Diktaphon;Diktafon
Diktatfriede;Diktatfrieden
Dillsauce;Dillsoße
Dimpfel;Dimpfl
Dingskirchen;Dingenskirchen
Dioxyd;Dioxid
Diplodokus;Diplodocus
Diplom-Bibliothekar;Diplombibliothekar
Diplom-Ingenieur;Diplomingenieur
Diplom-Ingenieurin;Diplomingenieurin
Diplomatenpaß;Diplomatenpass
Direktanschluß;Direktanschluss
Direktorenzimmer;Direktorzimmer
Direktorposten;Direktorenposten
Direktpass-Spiel;Direktpassspiel
Direktpaß;Direktpass
Direktpaßspiel;Direktpassspiel
Direktphoto;Direktfoto
Direktschuß;Direktschuss
Dirndel;Dirndl
Dirndelkleid;Dirndlkleid
Dis;dis
Disacharid;Disaccharid
Discokugel;Diskokugel
Discomusik;Diskomusik
Discount-Zertifikat;Discountzertifikat
Discountbroker;Discount-Broker
Discounter-Geschäft;Discountergeschäft
Diskjockey;Discjockey
Disko;Disco
Diskobetreiber;Discobetreiber
Diskographie;Diskografie
diskographisch;diskografisch
Diskoroller;Discoroller
Diskosound;Discosound
Diskothekbetreiber;Diskothekenbetreiber
Diskotheksbetreiber;Diskothekenbetreiber
Diskussionforum;Diskussionsforum
Diskussionsprozeß;Diskussionsprozess
Disstreß;Disstress
Distanzschuß;Distanzschuss
Distillerie;Destillerie
Distriktsgericht;Distriktgericht
Distriktshauptstadt;Distrikthauptstadt
Distriktsleiter;Distriktleiter
Distriktsverwaltung;Distriktverwaltung
disziplinar;disziplinär
disziplinenübergreifend;disziplinübergreifend
Diszission;Diszision
Dittographie;Dittografie
Dixiklo;Dixi-Klo
Diäthylenglykol;Diethylenglykol
Diättip;Diättipp
Djane;DJane
Djebel;Dschebel
Djihad;Dschihad
Djihadist;Dschihadist
Djihadistenmiliz;Dschihadistenmiliz
djihadistisch;dschihadistisch
dkg;Dekagramm
dl;Deziliter
DLG-prämiiert;DLG-prämiert
dm;Dezimeter
DnV;Dienst nach Vorschrift
Do;Donnerstag
Dodekafonie;Dodekaphonie
Dodekafonist;Dodekaphonist
Doggy-Style;Doggystyle
Dok;Doc
Doku-Fiktion;Dokufiktion
Doku-Film;Dokufilm
Doku-Soap;Dokusoap
Dokumentenvorlage;Dokumentvorlage
Dokumentsammlung;Dokumentensammlung
Dollbregen;Dollbrägen
Domain-Name;Domainname
Domprobst;Dompropst
Domprobstei;Dompropstei
Dompteurskunst;Dompteurkunst
Donau-Delta;Donaudelta
Donnerbö;Donnerböe
Donnergetös;Donnergetöse
Donnerlüttchen;Donnerlittchen
Dopingaffaire;Dopingaffäre
Dopingprozeß;Dopingprozess
Doppel-B;Doppel-b
Doppel-Gelenkbus;Doppelgelenkbus
Doppelbeschluß;Doppelbeschluss
doppelbodig;doppelbödig
Doppelpass-Spiel;Doppelpassspiel
Doppelpaß;Doppelpass
Doppelpaßspiel;Doppelpassspiel
Doppelportrait;Doppelporträt
Doppler-Effekt;Dopplereffekt
Dorfdisco;Dorfdisko
Dorffrisör;Dorffriseur
Dorfklub;Dorfclub
Dorfschenke;Dorfschänke
Dornbaum;Dornenbaum
Dornenbusch;Dornbusch
Dorngestrüpp;Dornengestrüpp
Dornhecke;Dornenhecke
Dornstrauch;Dornenstrauch
dortzuland;dortzulande
dotterig;dottrig
Doublette;Dublette
Doughnut;Donut
Down-Syndrom;Downsyndrom
downcyclen;downcyceln
Downloadlink;Download-Link
Doxograph;Doxograf
Doxxing;Doxing
Drag-and-Drop;Drag and Drop
Drag-and-drop;Drag and Drop
Drag-King;Dragking
Drag-Queen;Dragqueen
Drag-Race;Dragrace
Drag-Racing;Dragracing
Dragee;Dragée
Dragomane;Dragoman
Drapee;Drapé
Dream-Team;Dreamteam
Dreckarbeit;Drecksarbeit
Dreckbude;Drecksbude
Dreckding;Drecksding
Dreckkerl;Dreckskerl
Drecksloch;Dreckloch
Drecksnest;Drecknest
Dreckspfote;Dreckpfote
Drecksstück;Dreckstück
Dreckswetter;Dreckwetter
Dreckzeug;Dreckszeug
Drehschuß;Drehschuss
Drehzahlenbereich;Drehzahlbereich
Drehzahlenniveau;Drehzahlniveau
Drei-G-Regel;3G-Regel
Drei-G-Regelung;3G-Regelung
Drei-Sterne-Hotel;Dreisternehotel
Drei-Säulen-System;Dreisäulensystem
Drei-Tage-Woche;Dreitagewoche
dreiblätterig;dreiblättrig
Dreidl;Dreidel
Dreieckstuch;Dreiecktuch
Dreier-Abwehrkette;Dreierabwehrkette
dreiflüglig;dreiflügelig
dreigeschoßig;dreigeschossig
Dreipaß;Dreipass
dreiräderig;dreirädrig
Dreiseitenhof;Dreiseithof
Dreisekundenregel;3-Sekunden-Regel
Dreisäulenprinzip;Drei-Säulen-Prinzip
dreizimmrig;dreizimmerig
Dreißigerjahre;dreißiger Jahre
Dressing-Gown;Dressinggown
Dreß;Dress
Dritt-Teil;Drittteil
Dritte-Welt-Land;Drittweltland
Dritteil;Drittteil
Drittkläßler;Drittklässler
drittplaciert;drittplatziert
Drittplacierte;Drittplatzierte
drittplaziert;drittplatziert
Drittplazierte;Drittplatzierte
Drogenboß;Drogenboss
Drogeneinfluß;Drogeneinfluss
Drogenmißbrauch;Drogenmissbrauch
Drohpotential;Drohpotenzial
Drop-out;Dropout
Drop-Shot;Dropshot
Dropdown-Menü;Drop-down-Menü
Dropdownmenü;Drop-down-Menü
Drosograph;Drosograf
Drosslung;Drosselung
Droßlung;Drosselung
Druck-Erzeugnis;Druckerzeugnis
Druckausgleichkabine;Druckausgleichskabine
Druckgraphik;Druckgrafik
Druckguß;Druckguss
Druckkostenzuschuß;Druckkostenzuschuss
Druckprozeß;Druckprozess
Drämli;Trämli
Dränage;Drainage
dränagieren;drainagieren
dränieren;drainieren
drömmeln;drömeln
Ds;Darmstadtium
Dschiu-Dschitsu;Jiu-Jitsu
DSL-Anschluß;DSL-Anschluss
Dublee;Doublé
Dubleegold;Doublégold
dublieren;doublieren
duftschwer;düfteschwer
Dulzin;Dulcin
Dumdumgeschoß;Dumdumgeschoss
Dummejungenstreich;Dumme-Jungen-Streich
Dummian;Dummrian
Dummling;Dümmling
Dunkel;Dunkle
dunkeltönig;dunkeltonig
Dunnerlittchen;Donnerlittchen
Duplett;Duplet
durchbleuen;durchbläuen
Durchbruchschlacht;Durchbruchsschlacht
Durchbruchsoffensive;Durchbruchoffensive
Durchbruchsversuch;Durchbruchversuch
durcheinandermantschen;durcheinandermanschen
Durchfahrtgebühr;Durchfahrtsgebühr
Durchfahrthöhe;Durchfahrtshöhe
Durchfahrtrecht;Durchfahrtsrecht
Durchfahrtstraße;Durchfahrtsstraße
Durchfahrtverbot;Durchfahrtsverbot
Durchfluß;Durchfluss
Durchflußgeschwindigkeit;Durchflussgeschwindigkeit
Durchflußmenge;Durchflussmenge
Durchflußmesser;Durchflussmesser
Durchführungserlaß;Durchführungserlass
Durchhaltewillen;Durchhaltewille
Durchlaß;Durchlass
durchläßt;durchlässt
durchnumerieren;durchnummerieren
Durchschlagfestigkeit;Durchschlagsfestigkeit
Durchschlagkraft;Durchschlagskraft
Durchschlagspapier;Durchschlagpapier
Durchschnittrendite;Durchschnittsrendite
Durchschnittsatz;Durchschnittssatz
Durchschreibpapier;Durchschreibepapier
Durchschuß;Durchschuss
Durchschußblatt;Durchschussblatt
durchsein;durch sein
Durchsetzungswillen;Durchsetzungswille
Durchsuchungsbeschluß;Durchsuchungsbeschluss
durchtelephonieren;durchtelefonieren
durchzugstark;durchzugsstark
Durine;Dourine
duro-;dur-
duslig;duselig
dusslig;dusselig
Dussligkeit;Dusseligkeit
dußlig;dusselig
Dußligkeit;Dusseligkeit
Dy;Dysprosium
Dysfonie;Dysphonie
dz;Doppelzentner
Dämelack;Dämlack
Dämm-Mittel;Dämmmittel
dämmerig;dämmrig
Dämmittel;Dämmmittel
Dämonenglauben;Dämonenglaube
Dänische;Dänisch
dänisieren;danisieren
Döhnkes;Döntjes
Dönekes;Döntjes
Dönerimbiß;Dönerimbiss
Dönerkebab;Döner Kebab
Dönerkebap;Döner Kebab
Dönkes;Döntjes
Dörferlandschaft;Dorflandschaft
Döspaddel;Dösbaddel
düftereich;duftreich
dünnblätterig;dünnblättrig
dünnemachen;dünnmachen
Dünnschiß;Dünnschiss
E;e
e-;ex-
E-Baß;E-Bass
E-Mail-Anschluß;E-Mail-Anschluss
E-Paß;E-Pass
e-Rezept;E-Rezept
EAN-Kode;EAN-Code
Eastcoast-Jazz;East-Coast-Jazz
Eastcoastjazz;East-Coast-Jazz
Ebbestrom;Ebbstrom
ebendas;ebender
ebendasselbe;ebenderselbe
ebendie;ebender
ebendiese;ebendieser
ebendieselbe;ebenderselbe
ebendieses;ebendieser
ebenjene;ebenjener
ebenjenes;ebenjener
ebensogut;ebenso gut
ebensohäufig;ebenso häufig
ebensolange;ebenso lange
ebensooft;ebenso oft
ebensosehr;ebenso sehr
ebensoviel;ebenso viel
ebensoweit;ebenso weit
ebensowenig;ebenso wenig
ebensowohl;ebenso wohl
EBIT;Ebit
EBITDA;Ebitda
Echographie;Echografie
Echokardiographie;Echokardiografie
Eckenbeschlag;Eckbeschlag
Eckpunktpapier;Eckpunktepapier
Economy-Class;Economyclass
Economyklasse;Economy-Klasse
Ecruseide;Ekrüseide
Edelmetall-Legierung;Edelmetalllegierung
Edelmetallegierung;Edelmetalllegierung
ef-;ex-
Efendi;Effendi
Effektenplacierung;Effektenplatzierung
Effektenplazierung;Effektenplatzierung
Egartwirtschaft;Egartenwirtschaft
Ego-Gesellschaft;Egogesellschaft
Ego-Trip;Egotrip
Egoshooter;Ego-Shooter
Ehefriede;Ehefrieden
Ehegatten-Splitting;Ehegattensplitting
Eheprozeß;Eheprozess
Ehescheidungsprozeß;Ehescheidungsprozess
Eheschluß;Eheschluss
Ehgemahl;Ehegemahl
ehm;äh
Ehnel;Ehnl
Ehrbeleidigung;Ehrenbeleidigung
Ehrbezeigung;Ehrenbezeigung
Ehrbezeugung;Ehrenbezeugung
Ehrdelikt;Ehrendelikt
Ehrenausschuß;Ehrenausschuss
Ehrencodex;Ehrenkodex
Ehrenerweisung;Ehrerweisung
ehrenlos;ehrlos
Ehrennamen;Ehrenname
Ehrenämtler;Ehrenamtler
Ehrerweis;Ehrenerweis
ehrfurchtvoll;ehrfurchtsvoll
ehrpusslig;ehrpusselig
ehrpußlig;ehrpusselig
ehrrührig;ehrenrührig
Ehrverbrechen;Ehrenverbrechen
Eichelas;Eichelass
Eichenbaum;Eichbaum
eichenblätterig;eichenblättrig
Eichenfaß;Eichenfass
Eichenholzfaß;Eichenholzfass
Eichenschößling;Eichenschössling
Eichgrün;Eichengrün
Eichkatzl;Eichkatzerl
Eichwald;Eichenwald
Eidechsenschuh;Eidechsschuh
Eidesbruch;Eidbruch
Eidformel;Eidesformel
Eidhelfer;Eideshelfer
Eidleistung;Eidesleistung
Eidpflicht;Eidespflicht
Eidverweigerung;Eidesverweigerung
Eierform;Eiform
Eierguß;Eierguss
Eierkognak;Eiercognac
Eiermasse;Eimasse
Eiersauce;Eiersoße
Eierschaum;Eischaum
Eierschmarrn;Eierschmarren
Eierschnee;Eischnee
Eierspeis;Eierspeise
Eifersuchtsaffaire;Eifersuchtsaffäre
Eigenbespieglung;Eigenbespiegelung
Eigenbewußtsein;Eigenbewusstsein
Eigenwillen;Eigenwille
Eiguss;Eierguss
Eiguß;Eierguss
Eilzugstempo;Eilzugtempo
Ein-Cent-Münze;Eincentmünze
Ein-Cent-Stück;Eincentstück
Ein-Dollar-Note;Eindollarnote
Ein-Euro-Münze;Eineuromünze
Ein-Euro-Stück;Eineurostück
Ein-Pfennig-Stück;Einpfennigstück
einaderig;einadrig
Einbahn-Regelung;Einbahnregelung
Einbeschluß;Einbeschluss
Einbiß;Einbiss
einbleuen;einbläuen
einblätterig;einblättrig
Einbruchalarm;Einbruchsalarm
Einbruchbecken;Einbruchsbecken
Einbruchgebiet;Einbruchsgebiet
Einbruchgefahr;Einbruchsgefahr
Einbruchkriminalität;Einbruchskriminalität
Einbruchsdiebstahl;Einbruchdiebstahl
Einbruchsdiebstahlversicherung;Einbruchdiebstahlversicherung
Einbruchskessel;Einbruchkessel
Einbruchsmeer;Einbruchmeer
Einbruchsmelder;Einbruchmelder
Einbruchspur;Einbruchsspur
Einbruchsschutz;Einbruchschutz
einbruchssicher;einbruchsicher
Einbruchssicherung;Einbruchsicherung
Einbruchsstelle;Einbruchstelle
Einbruchszone;Einbruchzone
Einbruchversuch;Einbruchsversuch
Einbruchwerkzeug;Einbruchswerkzeug
eincrèmen;eincremen
eine;ein
Eineurojob;Ein-Euro-Job
Eineuroladen;Ein-Euro-Laden
Eineuroshop;Ein-Euro-Shop
Einfahrtssignal;Einfahrtsignal
Einfahrtstraße;Einfahrtsstraße
Einfahrttor;Einfahrtstor
Einfahrtverbot;Einfahrtsverbot
Einfahrtweg;Einfahrtsweg
Einfallpforte;Einfallspforte
Einfalltor;Einfallstor
Einfallwinkel;Einfallswinkel
Einfangprozeß;Einfangprozess
Einfaßband;Einfassband
Einfaßborte;Einfassborte
Einfaßtresse;Einfasstresse
Einfluss-Sphäre;Einflusssphäre
Einfluß;Einfluss
Einflußagent;Einflussagent
einflußarm;einflussarm
Einflußbereich;Einflussbereich
Einflußchance;Einflusschance
Einflußfaktor;Einflussfaktor
Einflußgebiet;Einflussgebiet
Einflußgröße;Einflussgröße
einflußlos;einflusslos
Einflußmöglichkeit;Einflussmöglichkeit
Einflußnahme;Einflussnahme
einflußreich;einflussreich
Einflußsphäre;Einflusssphäre
Einflußvariable;Einflussvariable
Einflußzone;Einflusszone
einflüglig;einflügelig
Einfädlung;Einfädelung
Eingangtreppe;Eingangstreppe
Eingliederungsprozeß;Eingliederungsprozess
Einguß;Einguss
Einheitswillen;Einheitswille
einhenkelig;einhenklig
Einholekorb;Einholkorb
Einholetasche;Einholtasche
einhöckerig;einhöckrig
Einigungsprozeß;Einigungsprozess
Einkapslung;Einkapselung
Einkaufangebot;Einkaufsangebot
Einkaufcenter;Einkaufscenter
Einkaufliste;Einkaufsliste
Einkaufsabschluß;Einkaufsabschluss
Einkaufstraße;Einkaufsstraße
Einkauftempel;Einkaufstempel
Einkauftrolley;Einkaufstrolley
Einkaufwagen;Einkaufswagen
Einkaufzettel;Einkaufszettel
Einkommenbesteuerung;Einkommensbesteuerung
Einkommenschere;Einkommensschere
Einkommenssteuer;Einkommensteuer
Einkommenssteueraufkommen;Einkommensteueraufkommen
Einkommenssteuererklärung;Einkommensteuererklärung
einkommenssteuerfrei;einkommensteuerfrei
Einkommenssteuergesetz;Einkommensteuergesetz
einkommenssteuerpflichtig;einkommensteuerpflichtig
Einkommenssteuerrecht;Einkommensteuerrecht
Einkommenssteuerreform;Einkommensteuerreform
Einkommenssteuersatz;Einkommensteuersatz
Einkommenssteuerschuld;Einkommensteuerschuld
Einkommenssteuertabelle;Einkommensteuertabelle
Einkommenssteuertarif;Einkommensteuertarif
Einkommenssteuerveranlagung;Einkommensteuerveranlagung
einkremen;eincremen
Einlagezins;Einlagenzins
Einlaß;Einlass
Einlaßdienst;Einlassdienst
Einlaßkarte;Einlasskarte
Einlaßkontrolle;Einlasskontrolle
Einlaßpersonal;Einlasspersonal
Einlaßpolitik;Einlasspolitik
Einlaßposten;Einlassposten
Einlaßventil;Einlassventil
einläßlich;einlässlich
Einläßlichkeit;Einlässlichkeit
einläßt;einlässt
Einmachegut;Einmachgut
einmal;ein Mal
Einmalpaßwort;Einmalpasswort
Einnahmeminus;Einnahmenminus
Einnahmenausfall;Einnahmeausfall
Einnahmenplus;Einnahmeplus
Einnahmenprognose;Einnahmeprognose
Einnahmenquelle;Einnahmequelle
Einnahmenseite;Einnahmeseite
Einnahmenüberschuß;Einnahmenüberschuss
einnahmeseitig;einnahmenseitig
Einneblung;Einnebelung
Einparteiherrschaft;Einparteienherrschaft
Einparteiregierung;Einparteienregierung
Einparteisystem;Einparteiensystem
einpflöcken;einpflocken
Einriß;Einriss
einräderig;einrädrig
Einsattlung;Einsattelung
Einsatzwillen;Einsatzwille
Einschlagskrater;Einschlagkrater
Einschlagsstelle;Einschlagstelle
einschloß;einschloss
Einschluß;Einschluss
Einschmelzprozeß;Einschmelzprozess
Einschmelzungsprozeß;Einschmelzungsprozess
Einschreibbrief;Einschreibebrief
Einschreibesendung;Einschreibsendung
Einschreibgebühr;Einschreibegebühr
Einschreibpäckchen;Einschreibepäckchen
Einschuss-Stelle;Einschussstelle
Einschuß;Einschuss
einschußbereit;einschussbereit
Einschußgarn;Einschussgarn
Einschußloch;Einschussloch
Einschußmöglichkeit;Einschussmöglichkeit
Einschußnarbe;Einschussnarbe
Einschußstelle;Einschussstelle
Einschußwinkel;Einschusswinkel
Einsendeschluß;Einsendeschluss
Einsparpotential;Einsparpotenzial
Einspruchverfahren;Einspruchsverfahren
einstengelig;einstängelig
einstenglig;einstängelig
Einstiegluke;Einstiegsluke
einstänglig;einstängelig
einsömmerig;einsommerig
eintrittfrei;eintrittsfrei
Eintrittsbillet;Eintrittsbillett
Einträufelung;Einträuflung
Einwechselung;Einwechslung
Einwickelung;Einwicklung
Einzahlungsüberschuß;Einzahlungsüberschuss
Einzelabschluß;Einzelabschluss
Einzelanschluß;Einzelanschluss
Einzelfall-Lösung;Einzelfalllösung
Einzelfallösung;Einzelfalllösung
Einzugbereich;Einzugsbereich
einzugbereit;einzugsbereit
Einzugermächtigung;Einzugsermächtigung
Einzugtermin;Einzugstermin
einzähnig;einzahnig
Eiproduktion;Eierproduktion
Eisbärbaby;Eisbärenbaby
Eisbärgehege;Eisbärengehege
Eischale;Eierschale
Eiscrème;Eiscreme
Eisdisco;Eisdisko
eisekalt;eiskalt
Eisenbahnanschluß;Eisenbahnanschluss
Eisenbahnwagon;Eisenbahnwaggon
Eisencarbonat;Eisenkarbonat
Eisenguß;Eisenguss
Eisengußware;Eisengussware
Eisenhydroxyd;Eisenhydroxid
Eisenoxyd;Eisenoxid
Eisenoxydfarbe;Eisenoxidfarbe
Eiseshauch;Eishauch
eiseskalt;eiskalt
Eiskrem;Eiscreme
Eiskreme;Eiscreme
Eiskälte;Eiseskälte
Eisschnellauf;Eisschnelllauf
Eisschnellaufbahn;Eisschnelllaufbahn
eisschnellaufen;eisschnelllaufen
Eisschnellaufen;Eisschnelllaufen
Eisschnelläufer;Eisschnellläufer
Eisschnelläuferin;Eisschnellläuferin
Eissproß;Eisspross
Eisstanitzl;Eisstanitzel
Eisyacht;Eisjacht
Eitel;Aitel
Eiterfluß;Eiterfluss
eiterig;eitrig
Eiwasser;Eierwasser
Eizes;Ezzes
ek-;ex-
ekelig;eklig
Eklair;Eclair
ekt-;ekto-
EL;Esslöffel
Elasthan;Elastan
Elbehafen;Elbhafen
Elbelandschaft;Elblandschaft
Elbepegel;Elbpegel
Elbische;Elbisch
Electrum;Elektrum
elektr-;elektro-
Elektra-Komplex;Elektrakomplex
Elektro-Scooter;Elektroscooter
Elektro-Tretroller;Elektrotretroller
Elektrobaß;Elektrobass
Elektroenzephalograph;Elektroenzephalograf
Elektroenzephalographie;Elektroenzephalografie
Elektrofon;Elektrophon
Elektrographie;Elektrografie
Elektrokardiograph;Elektrokardiograf
Elektrokardiographie;Elektrokardiografie
Elektrolytehaushalt;Elektrolythaushalt
Elektrolytenhaushalt;Elektrolythaushalt
Elektronenbeschuß;Elektronenbeschuss
Elektrophotographie;Elektrofotografie
Elektrostahlguß;Elektrostahlguss
Elementarschadensversicherung;Elementarschadenversicherung
Elementarschädenversicherung;Elementarschadenversicherung
Elephantiasis;Elefantiasis
Elfmeterschuß;Elfmeterschuss
Elitebildung;Elitenbildung
Elitenetzwerk;Elitennetzwerk
Eliteprojekt;Elitenprojekt
Ellbogenschoner;Ellenbogenschoner
Ellenbogen;Ellbogen
Ellenbogencheck;Ellbogencheck
Ellenbogeneinsatz;Ellbogeneinsatz
Ellenbogenfreiheit;Ellbogenfreiheit
Ellenbogengelenk;Ellbogengelenk
Ellenbogengesellschaft;Ellbogengesellschaft
Ellenbogengewalt;Ellbogengewalt
Ellenbogenmensch;Ellbogenmensch
Ellenbogenmentalität;Ellbogenmentalität
Ellenbogenparade;Ellbogenparade
Ellenbogenpolitik;Ellbogenpolitik
Ellenbogenrecht;Ellbogenrecht
Ellenbogenschutz;Ellbogenschutz
Ellenbogenschützer;Ellbogenschützer
Ellenbogenstütze;Ellbogenstütze
Ellenbogentaktik;Ellbogentaktik
Elopunkt;Elo-Punkt
Elozahl;Elo-Zahl
Elsevir;Elzevir
Eltern-Kinder-Gruppe;Eltern-Kind-Gruppe
Elternausschuß;Elternausschuss
emailen;e-mailen
Emanzipationsprozeß;Emanzipationsprozess
Embryoforschung;Embryonenforschung
Embryonentransfer;Embryotransfer
emerita;emeritus
Empörungspotential;Empörungspotenzial
En-Bloc-Abstimmung;En-bloc-Abstimmung
Encodierung;Enkodierung
Endbeschluß;Endbeschluss
Endboß;Endboss
energieaufwendig;energieaufwändig
Energieausschuß;Energieausschuss
energiebewußt;energiebewusst
Energiefluß;Energiefluss
Energiepotential;Energiepotenzial
Energy-Drink;Energydrink
Engelchor;Engelschor
Engelein;Englein
Engelflügel;Engelsflügel
engelgleich;engelsgleich
engelgut;engelsgut
Engelhaar;Engelshaar
Engelkind;Engelskind
Engelkopf;Engelskopf
engelrein;engelsrein
Engelsknabe;Engelknabe
Engelsmacherin;Engelmacherin
Engelsschar;Engelschar
Engelstimme;Engelsstimme
Englische;Englisch
Engpaß;Engpass
enkodieren;encodieren
Enquête;Enquete
Enquêtekommission;Enquetekommission
enter-;entero-
Enter-Taste;Entertaste
Entfesslung;Entfesselung
Entfeßlung;Entfesselung
Entgelt-Ersatzleistung;Entgeltersatzleistung
Enthaarungscrème;Enthaarungscreme
Enthaarungskrem;Enthaarungscreme
Enthaarungskreme;Enthaarungscreme
Entkoppelung;Entkopplung
Entlass-Schüler;Entlassschüler
Entlass-Schülerin;Entlassschülerin
Entlaßschüler;Entlassschüler
Entlaßschülerin;Entlassschülerin
Entlöhnung;Entlohnung
Entrecôte;Entrecote
Entrée;Entree
Entrümplung;Entrümpelung
Entscheidungsfindungsprozeß;Entscheidungsfindungsprozess
Entscheidungsprozeß;Entscheidungsprozess
entschloß;entschloss
Entschluß;Entschluss
Entschlußfreiheit;Entschlussfreiheit
Entschlußfreude;Entschlussfreude
Entschlußfreudigkeit;Entschlussfreudigkeit
entschlußfähig;entschlussfähig
Entschlußkraft;Entschlusskraft
entschlußlos;entschlusslos
Entschlußlosigkeit;Entschlusslosigkeit
Entschlußlähmung;Entschlusslähmung
entschlußunfähig;entschlussunfähig
Entschlüsslung;Entschlüsselung
Entschlüßlung;Entschlüsselung
Entschweflung;Entschwefelung
Entschweflungsanlage;Entschwefelungsanlage
Entsiedlung;Entsiedelung
Entsieglung;Entsiegelung
Entspannungsprozeß;Entspannungsprozess
Entspieglung;Entspiegelung
Entstehungsprozeß;Entstehungsprozess
Entwickelung;Entwicklung
Entwicklungspotential;Entwicklungspotenzial
Entwicklungsprozeß;Entwicklungsprozess
entästen;entasten
enzephal-;enzephalo-
Enzephalograph;Enzephalograf
Enzephalographie;Enzephalografie
Epigraph;Epigraf
Epigraphik;Epigrafik
Epigraphiker;Epigrafiker
Epigraphikerin;Epigrafikerin
Epistolographie;Epistolografie
EPO;Epo
Epoxyd;Epoxid
Epoxydharz;Epoxidharz
Er;Erbium
erbenlos;erblos
Erbsbrei;Erbsenbrei
Erbschaftsprozeß;Erbschaftsprozess
Erbschaftssteuer;Erbschaftsteuer
erbschaftssteuerfrei;erbschaftsteuerfrei
Erbseintopf;Erbseneintopf
Erbsenmus;Erbsmus
Erbsmehl;Erbsenmehl
Erbspüree;Erbsenpüree
Erbsstroh;Erbsenstroh
Erbssuppe;Erbsensuppe
Erdapfelsalat;Erdäpfelsalat
Erdapfelschmarren;Erdäpfelschmarrn
Erdapfelschmarrn;Erdäpfelschmarrn
Erdbeercrème;Erdbeercreme
Erdbeerkrem;Erdbeercreme
Erdbeerkreme;Erdbeercreme
Erdbewohner;Erdenbewohner
Erdenbahn;Erdbahn
erdenfern;erdfern
Erdenkloß;Erdkloß
Erdenmond;Erdmond
Erdennähe;Erdnähe
Erdgeschoß;Erdgeschoss
Erdgeschoßwohnung;Erdgeschosswohnung
Erdjahr;Erdenjahr
erdlos;erdelos
Erdnuss-Schale;Erdnussschale
Erdnuß;Erdnuss
Erdnußfett;Erdnussfett
Erdnußkuchen;Erdnusskuchen
Erdnußmark;Erdnussmark
Erdnußschale;Erdnussschale
Erdnußöl;Erdnussöl
Erdrosslung;Erdrosselung
Erdroßlung;Erdrosselung
Erdschluß;Erdschluss
Erdumseglung;Erdumsegelung
Erdäpfelschmarren;Erdäpfelschmarrn
Erebus;Erebos
eRezept;E-Rezept
Erfahrungspotential;Erfahrungspotenzial
Erfahrungsprozeß;Erfahrungsprozess
erfaßbar;erfassbar
Erfolgfaktor;Erfolgsfaktor
Erfolggeschichte;Erfolgsgeschichte
Erfolghascherei;Erfolgshascherei
Erfolgserie;Erfolgsserie
erfolgsgekrönt;erfolggekrönt
Erfolgslosigkeit;Erfolglosigkeit
Erfolgspotential;Erfolgspotenzial
Erfolgstory;Erfolgsstory
Erfolgsträhne;Erfolgssträhne
erfolgsversprechend;erfolgversprechend
erfolgverwöhnt;erfolgsverwöhnt
Erfrischungsbuffet;Erfrischungsbüfett
Erfrischungsbüffet;Erfrischungsbüfett
erg-;ergo-
Ergograph;Ergograf
Ergographie;Ergografie
ergoß;ergoss
Erguß;Erguss
Ergußgestein;Ergussgestein
erholungsuchend;erholungssuchend
Erholungsuchende;Erholungssuchende
Erinnerungsphoto;Erinnerungsfoto
Erkenntnisprozeß;Erkenntnisprozess
Erlaß;Erlass
Erlaßentwurf;Erlassentwurf
Erlaßjahr;Erlassjahr
Erlenkönig;Erlkönig
erläßlich;erlässlich
erläßt;erlässt
Ermanglung;Ermangelung
Ermessensmißbrauch;Ermessensmissbrauch
ermeßbar;ermessbar
Ermittelung;Ermittlung
Ermittlungsausschuß;Ermittlungsausschuss
Erneuerungsprozeß;Erneuerungsprozess
ernstmeinen;ernst meinen
ernstnehmen;ernst nehmen
ernährungsbewußt;ernährungsbewusst
Eroberungsgelüste;Eroberungsgelüst
Eroberungswillen;Eroberungswille
Erosionsprozeß;Erosionsprozess
erschloß;erschloss
erschröcklich;erschrecklich
Erste-Hilfe-Tip;Erste-Hilfe-Tipp
Erster-Klasse-Wagen;Erste-Klasse-Wagen
Erstklaßlerin;Erstklasslerin
Erstkläßler;Erstklässler
Erstkläßlerin;Erstklässlerin
erstmal;erst mal
erstplaciert;erstplatziert
Erstplacierte;Erstplatzierte
erstplaziert;erstplatziert
Erstplazierte;Erstplatzierte
Ertag;Ergetag
ertragfähig;ertragsfähig
Ertragseite;Ertragsseite
Ertragspotential;Ertragspotenzial
Ertragsteuer;Ertragssteuer
Ertragsüberschuß;Ertragsüberschuss
Erweiterungsprozeß;Erweiterungsprozess
erwerblos;erwerbslos
Erwerbsbiographie;Erwerbsbiografie
erythr-;erythro-
Erythromyzin;Erythromycin
Erziehungsprozeß;Erziehungsprozess
Erzählfluß;Erzählfluss
Eröffnungsbeschluß;Eröffnungsbeschluss
Es;es
Esc;Escape
Escaperoom;Escape-Room
Escort-Dame;Escortdame
Escort-Girl;Escortgirl
Escort-Service;Escortservice
Eselmilch;Eselsmilch
Eselsfohlen;Eselfohlen
Eselsfuhrwerk;Eselfuhrwerk
Eselsfüllen;Eselfüllen
Eseltreiber;Eselstreiber
Eselwiese;Eselswiese
Eskortkind;Eskortenkind
Ess-Brechsucht;Ess-Brech-Sucht
Ess-Schüssel;Essschüssel
Ess-Stäbchen;Essstäbchen
Ess-Störung;Essstörung
Essbrechsucht;Ess-Brech-Sucht
Essenangebot;Essensangebot
Essenausgabe;Essensausgabe
Essenlieferung;Essenslieferung
Essenmarke;Essensmarke
Essenpause;Essenspause
Essensbehälter;Essenbehälter
Essensgeruch;Essengeruch
Essenskübel;Essenkübel
essentiell;essenziell
Essenwagen;Essenswagen
Esspause;Essenspause
Estnische;Estnisch
Etgrön;Ettgrön
Ethanograph;Ethanograf
ethn-;ethno-
Ethnograph;Ethnograf
Ethnographie;Ethnografie
ethnographisch;ethnografisch
Eu;Europium
EU-Mitgliedsstaat;EU-Mitgliedstaat
Eucalyptol;Eukalyptol
euerseits;eurerseits
euersgleichen;euresgleichen
Eufonie;Euphonie
eure;euer
Euro-Bargeld;Eurobargeld
Euro-Partner;Europartner
Euro-Raum;Euroraum
Eurobefürworter;Euro-Befürworter
Eurogruppe;Euro-Gruppe
Europa-Cup;Europacup
Europa-Gebäude;Europagebäude
Europa-Politik;Europapolitik
Europa-Wahl;Europawahl
Europa-Wahlkampf;Europawahlkampf
Europabefürworter;Europa-Befürworter
Eurowährungsgebiet;Euro-Währungsgebiet
Eustreß;Eustress
Evaporographie;Evaporografie
Evaskostüm;Evakostüm
Event-Gastronomie;Eventgastronomie
Event-Management;Eventmanagement
Event-Manager;Eventmanager
Event-Managerin;Eventmanagerin
Evolutionsprozeß;Evolutionsprozess
Ex-Bundeskanzler;Exbundeskanzler
Ex-Bundeskanzlerin;Exbundeskanzlerin
Ex-Bürgermeister;Exbürgermeister
Ex-Frau;Exfrau
Ex-Freund;Exfreund
Ex-Freundin;Exfreundin
Ex-Geheimdienstmitarbeiter;Exgeheimdienstmitarbeiter
Ex-Geschäftspartner;Exgeschäftspartner
Ex-Kaiser;Exkaiser
Ex-Kaiserin;Exkaiserin
Ex-Kanzler;Exkanzler
Ex-König;Exkönig
Ex-Königin;Exkönigin
Ex-Mann;Exmann
Ex-Minister;Exminister
Ex-Ministerin;Exministerin
Ex-Mitglied;Exmitglied
Ex-Partner;Expartner
Ex-Profi;Exprofi
Ex-Präsident;Expräsident
Ex-Weltmeister;Exweltmeister
Ex-Weltmeisterin;Exweltmeisterin
Exairese;Exhärese
Examenvorbereitung;Examensvorbereitung
Exekration;Exsekration
exekrieren;exsekrieren
Exekutivausschuß;Exekutivausschuss
Exerziergeschoß;Exerziergeschoss
Exhairese;Exhärese
Existential;Existenzial
existential;existenzial
Existentialismus;Existenzialismus
Existentialist;Existenzialist
existentialistisch;existenzialistisch
Existentialphilosophie;Existenzialphilosophie
existentiell;existenziell
Exitstrategie;Exit-Strategie
Exküse;Exkuse
Expapst;Ex-Papst
Explosivgeschoß;Explosivgeschoss
Exportabschluß;Exportabschluss
Exportpotential;Exportpotenzial
Exportüberschuß;Exportüberschuss
Exposee;Exposé
expreß;express
Expreß;Express
expreß-;express-
Expreßbote;Expressbote
Expreßbrief;Expressbrief
Expreßdienst;Expressdienst
Expreßgut;Expressgut
Expreßpaket;Expresspaket
Expreßreinigung;Expressreinigung
Expreßversand;Expressversand
Expreßzug;Expresszug
Expreßzustellung;Expresszustellung
Exzeß;Exzess
Eyetracking;Eye-Tracking
Eßapfel;Essapfel
eßbar;essbar
Eßbegier;Essbegier
Eßbegierde;Essbegierde
Eßbesteck;Essbesteck
Eßdiele;Essdiele
Eßecke;Essecke
eßfertig;essfertig
Eßgabel;Essgabel
Eßgerät;Essgerät
Eßgeschirr;Essgeschirr
eßgestört;essgestört
Eßgewohnheit;Essgewohnheit
Eßkastanie;Esskastanie
Eßkohle;Esskohle
Eßkultur;Esskultur
Eßküche;Essküche
Eßkünstler;Esskünstler
Eßlust;Esslust
Eßlöffel;Esslöffel
Eßmarke;Essmarke
Eßnapf;Essnapf
Eßpaket;Esspaket
Eßpapier;Esspapier
Eßpause;Essenspause
Eßplatz;Essplatz
Eßraum;Essraum
Eßschüssel;Essschüssel
Eßstäbchen;Essstäbchen
Eßstörung;Essstörung
Eßteller;Essteller
Eßtisch;Esstisch
Eßverhalten;Essverhalten
Eßware;Essware
Eßzimmer;Esszimmer
Eßzimmerfenster;Esszimmerfenster
Eßzwang;Esszwang
F;f
Fabrikationsprozeß;Fabrikationsprozess
Fabriksbau;Fabrikbau
Fabriksetage;Fabriketage
Fabriksgebäude;Fabrikgebäude
Fabriksherr;Fabrikherr
Fabriksverkauf;Fabrikverkauf
Face-to-Face-Kommunikation;Face-to-face-Kommunikation
Fachangebot;Fächerangebot
Fachausschuß;Fachausschuss
Fachbibliographie;Fachbibliografie
Fachchinesische;Fachchinesisch
Fachkongreß;Fachkongress
Fachkraftgewinnung;Fachkräftegewinnung
Fachkraftlücke;Fachkräftelücke
Fachkraftmangel;Fachkräftemangel
Fachphotograph;Fachfotograf
Fachwerkskulisse;Fachwerkkulisse
Facilitymanagement;Facility-Management
Facilitymanager;Facility-Manager
fad;fade
Fahndungsphoto;Fahndungsfoto
Fahnenpaß;Fahnenpass
Fahrradklub;Fahrradclub
Fahrradschloß;Fahrradschloss
Fahrtangebot;Fahrtenangebot
Fahrtschreiber;Fahrtenschreiber
Fahrtspiel;Fahrtenspiel
Fahrtvermittler;Fahrtenvermittler
Fahrwerkabstimmung;Fahrwerksabstimmung
Fahrwerkgeometrie;Fahrwerksgeometrie
Fahrwerksschacht;Fahrwerkschacht
Fahrzeug-Identifizierungsnummer;Fahrzeugidentifizierungsnummer
Fairneß;Fairness
Fairneßpokal;Fairnesspokal
Fairtrade-Laden;Fair-Trade-Laden
Fairtradeladen;Fair-Trade-Laden
Fake-News;Fakenews
Fakellaki;Fakelaki
Faktoranalyse;Faktorenanalyse
Fakultätsbeschluß;Fakultätsbeschluss
falbeln;fälbeln
Fall-Laub;Falllaub
Fall-Lehen;Falllehen
Fall-Leitung;Fallleitung
Fall-Linie;Falllinie
Fall-out;Fallout
Fallaub;Falllaub
Fallaubgehölz;Falllaubgehölz
Fallbö;Fallböe
Fallehen;Falllehen
Falleitung;Fallleitung
Fallinie;Falllinie
Fallnest;Fallennest
Fallott;Falott
Familien-Musical;Familienmusical
Familien-Splitting;Familiensplitting
Familienanschluß;Familienanschluss
familienbewußt;familienbewusst
Familiennachlaß;Familiennachlass
Familienpaß;Familienpass
Familienphoto;Familienfoto
Familienportrait;Familienporträt
Fan-Fiction;Fanfiction
Fanfarengetöne;Fanfarengetön
Fangschluß;Fangschluss
Fangschuß;Fangschuss
Fanklub;Fanclub
Fantasienamen;Fantasiename
Fantasterei;Phantasterei
Fantastik;Phantastik
Fantastika;Phantastika
Fantasy-Serie;Fantasyserie
Farbblindheit;Farbenblindheit
Farbendruck;Farbdruck
Farbenfeld;Farbfeld
Farbenfotografie;Farbfotografie
Farbenfreudigkeit;Farbfreudigkeit
Farbenfächer;Farbfächer
farbengetreu;farbgetreu
Farbenharmonie;Farbharmonie
farbenintensiv;farbintensiv
Farbenkasten;Farbkasten
Farbenkombination;Farbkombination
Farbenkontrast;Farbkontrast
farbenkräftig;farbkräftig
Farbenmischung;Farbmischung
Farbenpalette;Farbpalette
Farbenphotographie;Farbfotografie
Farbenrest;Farbrest
Farbenrolle;Farbrolle
Farbenroller;Farbroller
farbenschön;farbschön
Farbenschönheit;Farbschönheit
Farbensinn;Farbsinn
Farbenskala;Farbskala
Farbenskizze;Farbskizze
Farbenspektakel;Farbspektakel
Farbenspritzer;Farbspritzer
Farbenstich;Farbstich
Farbensymphonie;Farbensinfonie
Farbentafel;Farbtafel
Farbentopf;Farbtopf
Farbentyp;Farbtyp
Farbenwechsel;Farbwechsel
Farbfehlsichtigkeit;Farbenfehlsichtigkeit
farbfreudig;farbenfreudig
farbfroh;farbenfroh
Farbglanz;Farbenglanz
Farbindustrie;Farbenindustrie
Farblehre;Farbenlehre
Farblithographie;Farblithografie
Farbmeer;Farbenmeer
Farbphoto;Farbfoto
Farbphotographie;Farbfotografie
Farbrausch;Farbenrausch
Farbreichtum;Farbenreichtum
farbsatt;farbensatt
Fasanhahn;Fasanenhahn
Faschingscherz;Faschingsscherz
Faschingsdisco;Faschingsdisko
Faschingsonntag;Faschingssonntag
Faserchen;Fäserchen
Fasnachtdienstag;Fasnachtsdienstag
Fasnachtler;Fasnächtler
Fasnachtlerin;Fasnächtlerin
Fasnachtscherz;Fasnachtsscherz
Fasnachtumzug;Fasnachtsumzug
Fasnachtverein;Fasnachtsverein
Fasnachtzeit;Fasnachtszeit
fasrig;faserig
Fassette;Facette
Fassettenauge;Facettenauge
Fassettenschliff;Facettenschliff
fassettieren;facettieren
Fassettierung;Facettierung
Fast-Food-Kette;Fastfoodkette
Fastage;Fustage
Fastbreak;Fast Break
Fastfashion;Fast Fashion
Fastfood-Kette;Fastfoodkette
Fastfood-Restaurant;Fastfoodrestaurant
Fastnachtdienstag;Fastnachtsdienstag
Fastnachtscherz;Fastnachtsscherz
Fastnachtsdisco;Fastnachtsdisko
Fastnachtsitzung;Fastnachtssitzung
Fastnachtspiel;Fastnachtsspiel
Fastnachtumzug;Fastnachtsumzug
Fastnachtveranstaltung;Fastnachtsveranstaltung
Fastnachtverein;Fastnachtsverein
Fastnachtzeit;Fastnachtszeit
Fastnachtzug;Fastnachtszug
Fasttag;Fastentag
Fatschnkindl;Fatschenkindl
Faxanschluß;Faxanschluss
Faß;Fass
Faßband;Fassband
faßbar;fassbar
Faßbarkeit;Fassbarkeit
faßbeinig;fassbeinig
Faßbier;Fassbier
Faßbinder;Fassbinder
Faßbinderei;Fassbinderei
Faßbrause;Fassbrause
Faßdaube;Fassdaube
Faßhahn;Fasshahn
faßlich;fasslich
Faßlichkeit;Fasslichkeit
Faßmacher;Fassmacher
Faßmaler;Fassmaler
Faßreifen;Fassreifen
Faßwagen;Fasswagen
Faßwandung;Fasswandung
Faßwein;Fasswein
faßweise;fassweise
Façon;Fasson
façonnieren;fassonieren
Façonnierung;Fassonierung
Façonnudel;Fassonnudel
Façonschnitt;Fassonschnitt
Fe;Eisen
federig;fedrig
Federschloß;Federschloss
fedpol;Fedpol
Feed-back;Feedback
Feedback-Gespräch;Feedbackgespräch
Feedback-Runde;Feedbackrunde
Fegfeuer;Fegefeuer
Fehe;Fähe
Fehlerkode;Fehlercode
Fehlpaß;Fehlpass
Fehlpaßquote;Fehlpassquote
Fehlschluß;Fehlschluss
Fehlschuß;Fehlschuss
Fehn;Fenn
feig;feige
Feindesgebiet;Feindgebiet
Feindesmacht;Feindmacht
Feindesstaat;Feindstaat
feinfasrig;feinfaserig
feingliederig;feingliedrig
Feinguß;Feinguss
feinkremig;feincremig
Feinmeßgerät;Feinmessgerät
Feinmeßtechnik;Feinmesstechnik
Feitl;Feitel
Felderlandschaft;Feldlandschaft
Felderwirtschaft;Feldwirtschaft
Feldherrenhügel;Feldherrnhügel
Feldherrenkunst;Feldherrnkunst
Feldherrenstab;Feldherrnstab
Feldherrnblick;Feldherrenblick
Feldherrnmiene;Feldherrenmiene
Feldherrnstimme;Feldherrenstimme
Feldtelephon;Feldtelefon
Felsabschuß;Felsabschuss
Felsbild;Felsenbild
Felsbirne;Felsenbirne
Felsbunker;Felsenbunker
Felsdom;Felsendom
Felseiland;Felseneiland
Felsenabgrund;Felsabgrund
Felsenabhang;Felsabhang
Felsenabschuss;Felsabschuss
Felsenabschuß;Felsabschuss
Felsenbank;Felsbank
Felsenblock;Felsblock
Felsenbollwerk;Felsbollwerk
Felsenbrust;Felsbrust
Felsenbucht;Felsbucht
Felseneinschnitt;Felseinschnitt
Felsenformation;Felsformation
Felsengehänge;Felsgehänge
Felsengeklüft;Felsgeklüft
Felsengeröll;Felsgeröll
Felsengestade;Felsgestade
Felsengestein;Felsgestein
Felsengetrümmer;Felsgetrümmer
Felsengewände;Felsgewände
Felsengipfel;Felsgipfel
Felsengrat;Felsgrat
Felsengrotte;Felsgrotte
Felsengruft;Felsgruft
Felsengrund;Felsgrund
Felsengruppe;Felsgruppe
Felsenhang;Felshang
Felsenhöhle;Felshöhle
Felseninschrift;Felsinschrift
Felseninsel;Felsinsel
Felsenkamm;Felskamm
Felsenkegel;Felskegel
Felsenkessel;Felskessel
Felsenkette;Felskette
Felsenklamm;Felsklamm
Felsenkletterer;Felskletterer
Felsenklippe;Felsklippe
Felsenkluft;Felskluft
Felsenkulisse;Felskulisse
Felsenkuppe;Felskuppe
Felsenküste;Felsküste
Felsenlandschaft;Felslandschaft
Felsenloch;Felsloch
Felsenmalerei;Felsmalerei
Felsenmasse;Felsmasse
Felsenmassiv;Felsmassiv
Felsenmauer;Felsmauer
Felsennadel;Felsnadel
Felsennase;Felsnase
Felsennische;Felsnische
Felsenpartie;Felspartie
Felsenpfad;Felspfad
Felsenplatte;Felsplatte
Felsenrippe;Felsrippe
Felsenriss;Felsriss
Felsenritze;Felsritze
Felsenriß;Felsriss
Felsenrutsch;Felsrutsch
Felsenrücken;Felsrücken
Felsenschlucht;Felsschlucht
Felsenschroffe;Felsschroffe
Felsenschrund;Felsschrund
Felsenspalte;Felsspalte
Felsenspitze;Felsspitze
Felsensprengung;Felssprengung
Felsenstollen;Felsstollen
Felsenstück;Felsstück
Felsenterrasse;Felsterrasse
Felsentrümmer;Felstrümmer
Felsenufer;Felsufer
Felsenvorsprung;Felsvorsprung
Felsenwand;Felswand
Felsenzacke;Felszacke
Felsenzacken;Felszacken
Felsenzeichnung;Felszeichnung
Felsenzinne;Felszinne
Felsenöde;Felsöde
Felsgarten;Felsengarten
Felsgebirge;Felsengebirge
Felsgewirr;Felsengewirr
Felsgrab;Felsengrab
Felskeller;Felsenkeller
Felskirche;Felsenkirche
Felsmeer;Felsenmeer
Felsnest;Felsennest
Felsquelle;Felsenquelle
Felsriff;Felsenriff
Felsriß;Felsriss
Felssteig;Felsensteig
Felstal;Felsental
Felstempel;Felsentempel
Felstor;Felsentor
Felsweg;Felsenweg
Femenaktivistin;Femen-Aktivistin
Femgericht;Femegericht
Fenek;Fennek
Fensterleibung;Fensterlaibung
Ferienklub;Ferienclub
ferklig;ferkelig
Fernanschluß;Fernanschluss
Fernbeschuß;Fernbeschuss
Ferngeschoß;Ferngeschoss
Fernleiheverkehr;Fernleihverkehr
Fernschuß;Fernschuss
Fernseh-Heini;Fernsehheini
Fernsprechanschluß;Fernsprechanschluss
Fernsprechhauptanschluß;Fernsprechhauptanschluss
ferr-;ferro-
Ferrograph;Ferrograf
Ferrosilicium;Ferrosilizium
Fertigungsprozeß;Fertigungsprozess
Fesslung;Fesselung
Festausschuß;Festausschuss
Festesfreude;Festfreude
Festesglanz;Festglanz
Festesjubel;Festjubel
Festeslaune;Festlaune
Festesstimmung;Feststimmung
Festestrubel;Festtrubel
Festlandssockel;Festlandsockel
Festnetzanschluß;Festnetzanschluss
Festnetztelephon;Festnetztelefon
Festnetztelephonie;Festnetztelefonie
Feststoff-Fracht;Feststofffracht
Festwirtfamilie;Festwirtsfamilie
Fetographie;Fetografie
Fettcrème;Fettcreme
Fettkrem;Fettcreme
Fettkreme;Fettcreme
Feuchtigkeitscrème;Feuchtigkeitscreme
Feuchtigkeitskrem;Feuchtigkeitscreme
Feuchtigkeitskreme;Feuchtigkeitscreme
Feuerfunke;Feuerfunken
Feuersglut;Feuerglut
Feuerszunge;Feuerzunge
Feuerwerkartikel;Feuerwerksartikel
Feuerwerkbatterie;Feuerwerksbatterie
Feuerwerkfabrik;Feuerwerksfabrik
Feuerwerkkunst;Feuerwerkskunst
Feuerwerkkörper;Feuerwerkskörper
Feuerwerkrakete;Feuerwerksrakete
Feuerwerkspektakel;Feuerwerksspektakel
Feuerwerkverbot;Feuerwerksverbot
Feuerwerkverkauf;Feuerwerksverkauf
Feurio;feurio
Fez;Fes
Feßlung;Fesselung
fF;Femtofarad
fickerig;fickrig
Fideikommiß;Fideikommiss
fieberig;fiebrig
fieberisch;fiebrisch
Fieberphantasie;Fieberfantasie
Fifa;FIFA
figurbewußt;figurbewusst
Filialenschließung;Filialschließung
Film-Business;Filmbusiness
Film-Freak;Filmfreak
Film-Lounge;Filmlounge
Film-Musical;Filmmusical
Filmklub;Filmclub
Filmographie;Filmografie
Filmportrait;Filmporträt
Filmriß;Filmriss
Filmtip;Filmtipp
Finalabschluß;Finalabschluss
Finanzaffaire;Finanzaffäre
Finanzamtleiter;Finanzamtsleiter
Finanzausschuß;Finanzausschuss
Finanzcasino;Finanzkasino
Findebuch;Findbuch
Findlingstein;Findlingsstein
Finger-Food;Fingerfood
Fingertip;Fingertipp
Finnische;Finnisch
finzlig;finzelig
Firmenzusammenschluß;Firmenzusammenschluss
Fis;fis
Fischersfamilie;Fischerfamilie
Fischgrätmuster;Fischgrätenmuster
Fischpaß;Fischpass
Fitness-Studio;Fitnessstudio
Fitness-Tracker;Fitnesstracker
Fitnessklub;Fitnessclub
Fitneß;Fitness
Fitneßangebot;Fitnessangebot
Fitneßarmband;Fitnessarmband
Fitneßcenter;Fitnesscenter
Fitneßclub;Fitnessclub
Fitneßgerät;Fitnessgerät
Fitneßklub;Fitnessclub
Fitneßlevel;Fitnesslevel
Fitneßprogramm;Fitnessprogramm
Fitneßraum;Fitnessraum
Fitneßstudio;Fitnessstudio
Fitneßtest;Fitnesstest
Fitneßtracker;Fitnesstracker
Fitneßtrainer;Fitnesstrainer
Fitneßtrainerin;Fitnesstrainerin
Fitneßtraining;Fitnesstraining
Fitneßökonomie;Fitnessökonomie
Fl;Flerovium
Flachpaß;Flachpass
Flachschuß;Flachschuss
Flachsstengel;Flachsstängel
flackerig;flackrig
fladrig;fladerig
Flageolett-Ton;Flageolettton
Flageoletton;Flageolettton
Flagshipstore;Flagship-Store
Flammenkuchen;Flammkuchen
flammenrot;flammrot
Flankenschuß;Flankenschuss
Flaschenverschluß;Flaschenverschluss
Flash-back;Flashback
flasrig;flaserig
Flatrateparty;Flatrate-Party
flatterig;flattrig
Fleckenfieber;Fleckfieber
Fleckentferner;Fleckenentferner
fleckfrei;fleckenfrei
Fleckschuß;Fleckschuss
Flederbeer;Fliederbeere
Fledermausgaupe;Fledermausgaube
Fleischgenuß;Fleischgenuss
Fleischkoloß;Fleischkoloss
Fleischküchla;Fleischküchle
Fleischsauce;Fleischsoße
Fleischschuß;Fleischschuss
Fletsche;Flitsche
Flicflac;Flickflack
Fliederbouquet;Fliederbukett
Fliegengesumme;Fliegengesumm
Fliegenschiß;Fliegenschiss
Fliegercorps;Fliegerkorps
flimmerig;flimmrig
Flintenschloß;Flintenschloss
Flintenschuß;Flintenschuss
Flip-Flop;Flipflop
Flitzebogen;Flitzbogen
Flitzkacke;Flitzekacke
Flohbiß;Flohbiss
Flohcircus;Flohzirkus
Florianiprinzip;Floriansprinzip
Florianprinzip;Floriansprinzip
Flower-Power;Flowerpower
floß;floss
Fluggerätmechaniker;Fluggerätemechaniker
Flugverbotzone;Flugverbotszone
Fluorcalcium;Fluorkalzium
Fluorescin;Fluorescein
Flurschütz;Flurschütze
Fluss-Sand;Flusssand
Fluss-Schiff;Flussschiff
Fluss-Schiffer;Flussschiffer
Fluss-Schifffahrt;Flussschifffahrt
Fluss-Schlamm;Flussschlamm
Fluss-Seeschwalbe;Flussseeschwalbe
Fluss-Sohle;Flusssohle
Fluss-Spat;Flussspat
Fluss-Stahl;Flussstahl
Fluss-System;Flusssystem
Fluss-Säure;Flusssäure
Flussdelphin;Flussdelfin
Fluxionsrechnung;Fluxionenrechnung
Fluß;Fluss
Flußaal;Flussaal
flußab;flussab
Flußablenkung;Flussablenkung
flußabwärts;flussabwärts
Flußarm;Flussarm
Flußaue;Flussaue
flußauf;flussauf
flußaufwärts;flussaufwärts
Flußbad;Flussbad
Flußbarbe;Flussbarbe
Flußbarke;Flussbarke
Flußbarsch;Flussbarsch
Flußbecken;Flussbecken
Flußbett;Flussbett
Flußbiegung;Flussbiegung
Flußdampfer;Flussdampfer
Flußdelphin;Flussdelfin
Flußdelta;Flussdelta
Flußdiagramm;Flussdiagramm
Flußdichte;Flussdichte
Flußebene;Flussebene
Flußerosion;Flusserosion
Flußfahrt;Flussfahrt
Flußfisch;Flussfisch
Flußfischerei;Flussfischerei
Flußgabelung;Flussgabelung
Flußgebiet;Flussgebiet
Flußgeröll;Flussgeröll
Flußgeschwindigkeit;Flussgeschwindigkeit
Flußgott;Flussgott
Flußgrund;Flussgrund
Flußhafen;Flusshafen
Flußkabel;Flusskabel
Flußkies;Flusskies
Flußkilometer;Flusskilometer
Flußkraftwerk;Flusskraftwerk
Flußkrebs;Flusskrebs
Flußkreuzer;Flusskreuzer
Flußkrümmung;Flusskrümmung
Flußlandschaft;Flusslandschaft
Flußlauf;Flusslauf
Flußlotse;Flusslotse
Flußmittel;Flussmittel
Flußmuschel;Flussmuschel
Flußmündung;Flussmündung
Flußname;Flussname
Flußnetz;Flussnetz
Flußniederung;Flussniederung
Flußparadies;Flussparadies
Flußpegel;Flusspegel
Flußpferd;Flusspferd
Flußpionier;Flusspionier
Flußpirat;Flusspirat
Flußquelle;Flussquelle
Flußregulierung;Flussregulierung
flußreich;flussreich
Flußrichtung;Flussrichtung
Flußrinne;Flussrinne
Flußsand;Flusssand
Flußschiff;Flussschiff
Flußschiffahrt;Flussschifffahrt
Flußschiffer;Flussschiffer
Flußschlamm;Flussschlamm
Flußseeschwalbe;Flussseeschwalbe
Flußsohle;Flusssohle
Flußspat;Flussspat
Flußstahl;Flussstahl
Flußsystem;Flusssystem
Flußsäure;Flusssäure
Flußtal;Flusstal
Flußufer;Flussufer
Flußuferläufer;Flussuferläufer
Flußwasser;Flusswasser
Flußwindung;Flusswindung
Flußübergang;Flussübergang
Flyby;Fly-by
Flächen-Recycling;Flächenrecycling
Flädli;Flädle
Flämische;Flämisch
flötengehen;flöten gehen
flötensein;flöten sein
Flügelroß;Flügelross
Flüssigerdgas-Terminal;Flüssigerdgasterminal
Flüssiggas-Terminal;Flüssiggasterminal
Flüßchen;Flüsschen
Fm;Fermium
fm;Femtometer
Folgeabschätzung;Folgenabschätzung
Folietunnel;Folientunnel
Folk-Rock;Folkrock
Fon;Phon
fon-;phono-
Fonem;Phonem
fonematisch;phonematisch
Fonetik;Phonetik
Fonetiker;Phonetiker
fonetisch;phonetisch
fono-;phono-
Fonodiktat;Phonodiktat
Fonogerät;Phonogerät
Fonograf;Phonograph
fonografisch;phonographisch
Fonokoffer;Phonokoffer
Fonolith;Phonolith
Fonologe;Phonologe
Fonologie;Phonologie
fonologisch;phonologisch
Fonometer;Phonometer
Fonothek;Phonothek
Fonotypist;Phonotypist
Fonotypistin;Phonotypistin
Food-Pairing;Foodpairing
Food-Porn;Foodporn
Food-Sharing;Foodsharing
Food-Truck;Foodtruck
Forceps;Forzeps
Forenbeitrag;Forumsbeitrag
Forenteilnehmer;Forumsteilnehmer
formbewußt;formbewusst
Formbewußtsein;Formbewusstsein
formenbewusst;formbewusst
formenbewußt;formbewusst
Formenbildung;Formbildung
Formengießer;Formgießer
Formenguss;Formguss
Formenguß;Formguss
Formensand;Formsand
formenstreng;formstreng
Formenstrenge;Formstrenge
Formenwechsel;Formwechsel
Formfülle;Formenfülle
Formguß;Formguss
Formlehre;Formenlehre
Formschluß;Formschluss
Formspiel;Formenspiel
Formwillen;Formwille
Forschungspotential;Forschungspotenzial
Forschungsprozeß;Forschungsprozess
Forstausschuß;Forstausschuss
Fortentwickelung;Fortentwicklung
Fortschrittbalken;Fortschrittsbalken
Fortschrittsglauben;Fortschrittsglaube
Fortschrittswillen;Fortschrittswille
Fortüne;Fortune
Forumstroll;Forentroll
Fosbury-Flop;Fosburyflop
Fossilienfund;Fossilfund
fot-;foto-
Foto-Finish;Fotofinish
Foto-Session;Fotosession
Foto-Shooting;Fotoshooting
Fotobiologie;Photobiologie
Fotochemie;Photochemie
Fotochemigrafie;Photochemigraphie
Fotochemikalie;Photochemikalie
fotochemisch;photochemisch
Fotoeffekt;Photoeffekt
fotoelektrisch;photoelektrisch
Fotoelektrizität;Photoelektrizität
Fotoelektron;Photoelektron
Fotoelement;Photoelement
Fotogramm;Photogramm
Fotogrammetrie;Photogrammetrie
fotogrammetrisch;photogrammetrisch
Fotoklub;Fotoclub
Fotolumineszenz;Photolumineszenz
Fotolyse;Photolyse
Fotom;Photom
fotomechanisch;photomechanisch
Fotometer;Photometer
Fotometrie;Photometrie
fotometrisch;photometrisch
Foton;Photon
Fotonik;Photonik
Fotoperiodismus;Photoperiodismus
fotophil;photophil
fotophob;photophob
Fotophobie;Photophobie
Fotophysiologie;Photophysiologie
Fotopsie;Photopsie
Fotorezeptor;Photorezeptor
Fotosensibilisierung;Photosensibilisierung
Fotosphäre;Photosphäre
Fotosynthese;Photosynthese
fotosynthetisch;photosynthetisch
fototaktisch;phototaktisch
Fototaxis;Phototaxis
Fototherapie;Phototherapie
fototrop;phototrop
Fototropie;Phototropie
Fototropismus;Phototropismus
Fototypie;Phototypie
Fotovoltaik;Photovoltaik
Fotovoltaikanlage;Photovoltaikanlage
Fotovoltaikmodul;Photovoltaikmodul
Fotowiderstand;Photowiderstand
Fotozelle;Photozelle
Fotozinkografie;Photozinkographie
Fotzen;Fotze
Fotzenhobel;Fotzhobel
Fotzn;Fotze
Fourage;Furage
Fourier;Furier
Fp;Flammpunkt
Fr;Freitag
Frachtbahnhof;Frachtenbahnhof
Frachtenausschuß;Frachtenausschuss
Frachtschiffahrt;Frachtschifffahrt
Fragenrunde;Fragerunde
fraise;frais
fraisefarben;fraisfarben
Fraktionsausschuß;Fraktionsausschuss
Fraktionsbeschluß;Fraktionsbeschluss
Francismus;Franquismus
Franco-Diktatur;Francodiktatur
Frankismus;Franquismus
frankophon;frankofon
Frankophonie;Frankofonie
Französische;Französisch
Frappee;Frappé
Frauenausschuß;Frauenausschuss
Frauenhaß;Frauenhass
Frauenkongreß;Frauenkongress
Frauenportrait;Frauenporträt
Frauenüberschuß;Frauenüberschuss
Freejazz;Free Jazz
Freibierfaß;Freibierfass
Freibillet;Freibillett
freibleiben;frei bleiben
Freicorps;Freikorps
Freifahrtsschein;Freifahrtschein
Freiheitsbewußtsein;Freiheitsbewusstsein
Freiheitswillen;Freiheitswille
Freischaltkode;Freischaltcode
Freischuß;Freischuss
Freischütze;Freischütz
Freizeitstreß;Freizeitstress
Fremdeinfluß;Fremdeinfluss
Fremdeinschluß;Fremdeinschluss
Fremdenhaß;Fremdenhass
Fremdenpaß;Fremdenpass
Fremdspracherwerb;Fremdsprachenerwerb
Fremdwortlexikon;Fremdwörterlexikon
Freskengemälde;Freskogemälde
Freskenmalerei;Freskomalerei
Fress-Sack;Fresssack
Fress-Sucht;Fresssucht
Fressflash;Fress-Flash
Freudebringer;Freudenbringer
freudenvoll;freudvoll
Freudespender;Freudenspender
freudevoll;freudvoll
Freundesbuch;Freundebuch
Freundschaftskuß;Freundschaftskuss
Freßanfall;Fressanfall
Freßattacke;Fressattacke
Freßbauch;Fressbauch
Freßbegier;Fressbegier
Freßbeutel;Fressbeutel
Freßbude;Fressbude
Freßfeind;Fressfeind
Freßgelage;Fressgelage
Freßgier;Fressgier
freßgierig;fressgierig
Freßkorb;Fresskorb
Freßlust;Fresslust
freßlustig;fresslustig
Freßnapf;Fressnapf
Freßpaket;Fresspaket
Freßplatz;Fressplatz
Freßsack;Fresssack
Freßsucht;Fresssucht
freßsüchtig;fresssüchtig
Freßtempel;Fresstempel
Freßtrog;Fresstrog
Freßware;Fressware
Freßwelle;Fresswelle
Freßwerkzeug;Fresswerkzeug
Freßzangen;Fresszangen
Freßzelle;Fresszelle
Freßzettel;Fresszettel
Friede;Frieden
Friedefürst;Friedensfürst
friedenfördernd;friedensfördernd
Friedensabschluß;Friedensabschluss
friedensichernd;friedenssichernd
Friedenskongreß;Friedenskongress
Friedenskuß;Friedenskuss
Friedensprozeß;Friedensprozess
Friedensschluß;Friedensschluss
Friedenstifter;Friedensstifter
Friedenswillen;Friedenswille
friedevoll;friedvoll
Friedhofwärter;Friedhofswärter
Friesische;Friesisch
frigide;frigid
Friktiograph;Friktiograf
Frisiercrème;Frisiercreme
Frisierkrem;Frisiercreme
Frisierkreme;Frisiercreme
Fristensetzung;Fristsetzung
Frisör;Friseur
Frisörhandwerk;Friseurhandwerk
Frisörin;Friseurin
Frisörkittel;Friseurkittel
Frisörladen;Friseurladen
Frisörmeister;Friseurmeister
Frisörsalon;Friseursalon
Frisörstube;Friseurstube
Frisörstuhl;Friseurstuhl
Frisörtermin;Friseurtermin
Friteuse;Fritteuse
fritieren;frittieren
Froheit;Frohheit
Frone;Fron
Frontenwechsel;Frontwechsel
Froschbiß;Froschbiss
Froschgequake;Froschgequak
Frotté;Frottee
Frottégarn;Frotteegarn
Frottéhandschuh;Frotteehandschuh
Frottéhandtuch;Frotteehandtuch
Frottékleid;Frotteekleid
Frottémantel;Frotteemantel
Frottésocke;Frotteesocke
Frottéstoff;Frotteestoff
Frottésöckchen;Frotteesöckchen
Frottétuch;Frotteetuch
Fruchtjogurt;Fruchtjoghurt
Fruchtsauce;Fruchtsoße
Fruchtyoghurt;Fruchtjoghurt
Fructose;Fruktose
Frust-Foul;Frustfoul
Fränkische;Fränkisch
fröstlig;fröstelig
Früchtequark;Fruchtquark
Früchteriegel;Fruchtriegel
Frühneuhochdeutsche;Frühneuhochdeutsch
Frühsommer-Meningoenzephalitis;Frühsommermeningoenzephalitis
frühstens;frühestens
Frühstückbox;Frühstücksbox
Frühstücksbuffet;Frühstücksbüfett
Frühstücksbüffet;Frühstücksbüfett
fs;Femtosekunde
Fuchsfehe;Fuchsfähe
Full-HD;Full HD
Full-Time-Job;Fulltime-Job
Full-time-job;Fulltime-Job
Fulldreß;Fulldress
Fullhouse;Full House
Fulltimejob;Fulltime-Job
Fun-Fact;Funfact
Fundamentalbaß;Fundamentalbass
Funfur;Fun-Fur
Funiño;Funino
Funke;Funken
Funkentelegraphie;Funkentelegrafie
Funkmeßgerät;Funkmessgerät
Funkmeßtechnik;Funkmesstechnik
Funktelegraph;Funktelegraf
Funktelegraphie;Funktelegrafie
funktelegraphisch;funktelegrafisch
Funktelephon;Funktelefon
Funktionsgraf;Funktionsgraph
Funktionärskörper;Funktionärkörper
Funktionärsversammlung;Funktionärversammlung
funzlig;funzelig
Furlana;Forlana
Furlane;Forlane
Fusionsprozeß;Fusionsprozess
fusslig;fusselig
futieren;foutieren
Futterschneidmaschine;Futterschneidemaschine
Fux;Fuchs
Fußball-Lehrer;Fußballlehrer
Fußball-Länderspiel;Fußballländerspiel
Fußballandschaft;Fußballlandschaft
Fußballehrer;Fußballlehrer
Fußballklub;Fußballclub
Fußballänderspiel;Fußballländerspiel
Fußkuß;Fußkuss
fußlig;fusselig
fächerübergreifend;fachübergreifend
färbig;farbig
Färöische;Färöisch
Fäulnisprozeß;Fäulnisprozess
Fäßchen;Fässchen
Fäßlein;Fässlein
Fön;Föhn
fönen;föhnen
Förderungsausschuß;Förderungsausschuss
Füdle;Füdli
fühnsch;fünsch
Führungsprozeß;Führungsprozess
Fünf-Meter-Raum;Fünfmeterraum
Fünf-Pfennig-Stück;Fünfpfennigstück
Fünf-Prozent-Hürde;Fünfprozenthürde
Fünf-Prozent-Klausel;Fünfprozentklausel
Fünf-Sterne-Hotel;Fünfsternehotel
Fünfjahresplan;Fünfjahrplan
Fünfpaß;Fünfpass
Fünftageswoche;Fünftagewoche
Fünftkläßler;Fünftklässler
Fünfunddreißigstundenwoche;35-Stunden-Woche
Fünfzigerjahre;fünfziger Jahre
fürbaß;fürbass
Fürstenschloß;Fürstenschloss
Füßegetrappel;Fußgetrappel
füünsch;fünsch
G;g
Ga;Gallium
GA;Gesamtausgabe
gablig;gabelig
Gablung;Gabelung
Gackerlsackerl;Gackerl-Sackerl
galakt-;galakto-
Galaktographie;Galaktografie
Galaxiehaufen;Galaxienhaufen
Galicische;Galicisch
gallbitter;gallenbitter
gallebitter;gallenbitter
gallentreibend;galletreibend
Galloromanische;Galloromanisch
Galluschel;Galuschel
galvan-;galvano-
Galvanographie;Galvanografie
Game-Changer;Gamechanger
Game-Port;Gameport
Game-Show;Gameshow
Gamelang;Gamelan
Gammagraphie;Gammagrafie
Gammavariante;Gamma-Variante
gammlig;gammelig
Gangsterboß;Gangsterboss
Gansbraten;Gänsebraten
Gansfett;Gänsefett
Gansleber;Gänseleber
Gantt-Diagramm;Ganttdiagramm
Ganzportrait;Ganzporträt
Ganzschluß;Ganzschluss
Ganztagesangebot;Ganztagsangebot
Ganztagesbetreuung;Ganztagsbetreuung
Ganztageskindergarten;Ganztagskindergarten
Ganztagesschule;Ganztagsschule
Ganztagesunterricht;Ganztagsunterricht
Ganztageswanderung;Ganztagswanderung
Gardecorps;Gardekorps
Gardeducorps;Gardedukorps
Garderobefrau;Garderobenfrau
Garderobehaken;Garderobenhaken
Garderobehalter;Garderobenhalter
Garderobemarke;Garderobenmarke
Garderobenummer;Garderobennummer
Garderobeschrank;Garderobenschrank
Garderobespiegel;Garderobenspiegel
Garderobeständer;Garderobenständer
Garnisonkirche;Garnisonskirche
Garnisonlazarett;Garnisonslazarett
Garnisonsdienst;Garnisondienst
Garnisonstadt;Garnisonsstadt
garnisonverwendungsfähig;garnisonsverwendungsfähig
Garnnumerierung;Garnnummerierung
Garotte;Garrotte
Garrette;Garette
Garrigue;Garigue
Gasanschluß;Gasanschluss
Gasbeschuß;Gasbeschuss
Gaschromatographie;Gaschromatografie
Gaseinschluß;Gaseinschluss
Gasel;Ghasel
Gasele;Ghasele
Gasgeschoß;Gasgeschoss
Gasmeßgerät;Gasmessgerät
Gassenschenke;Gassenschänke
Gastarbeitergetto;Gastarbeiterghetto
Gastbett;Gästebett
Gasthofsbesitzer;Gasthofbesitzer
Gastklub;Gastclub
gastr-;gastro-
Gastwirtfamilie;Gastwirtsfamilie
Gat;Gatt
Gaufel;Gaufe
Gaupe;Gaube
Gaza-Streifen;Gazastreifen
gaßab;gassab
gaßauf;gassauf
Gd;Gadolinium
Ge;Germanium
Gealbere;Gealber
Geantiklinale;Geoantiklinale
Geballere;Geballer
Gebarungsüberschuß;Gebarungsüberschuss
Gebelle;Gebell
Gebende;Gebände
Gebetsbuch;Gebetbuch
Gebetsläuten;Gebetläuten
Gebirgsfluß;Gebirgsfluss
Gebirgspaß;Gebirgspass
Gebiß;Gebiss
Gebißabdruck;Gebissabdruck
Gebißanomalie;Gebissanomalie
Gebißklempner;Gebissklempner
Gebißregulierung;Gebissregulierung
Geblaffe;Geblaff
geblumt;geblümt
Geblöke;Geblök
Gebrauchsgraphik;Gebrauchsgrafik
Gebrauchsgraphiker;Gebrauchsgrafiker
gebrauchsgraphisch;gebrauchsgrafisch
Gebrause;Gebraus
Gebreit;Gebreite
Gebrumme;Gebrumm
Gebrülle;Gebrüll
Gebums;Gebumse
Geburtenjahrgang;Geburtsjahrgang
Geburtenregister;Geburtsregister
Geburtenüberschuß;Geburtenüberschuss
Geburtsfreudigkeit;Geburtenfreudigkeit
Geburtsortprinzip;Geburtsortsprinzip
Geburtsstatistik;Geburtenstatistik
Geburtszahl;Geburtenzahl
Gebührenerlaß;Gebührenerlass
Gebührennachlaß;Gebührennachlass
Gebührenvorschuß;Gebührenvorschuss
Gedankenfluß;Gedankenfluss
Gedankenschluß;Gedankenschluss
Gedichtesammlung;Gedichtsammlung
Gedröhne;Gedröhn
Geduldprobe;Geduldsprobe
Geduldspiel;Geduldsspiel
Gefahrbremsung;Gefahrenbremsung
Gefahrengut;Gefahrgut
Gefahrengutklasse;Gefahrgutklasse
Gefahrenpotential;Gefahrenpotenzial
Gefahrenstoff;Gefahrstoff
Gefahrenzeichen;Gefahrzeichen
gefahrfrei;gefahrenfrei
Gefahrmoment;Gefahrenmoment
Gefahrpotential;Gefahrenpotenzial
Gefahrpotenzial;Gefahrenpotenzial
Gefahrstufe;Gefahrenstufe
Gefalle;Gefallen
Gefangenenmißhandlung;Gefangenenmisshandlung
gefangenhalten;gefangen halten
gefangennehmen;gefangen nehmen
gefangensetzen;gefangen setzen
Gefauche;Gefauch
gefaßt;gefasst
Gefaßtheit;Gefasstheit
Geflenn;Geflenne
Geflirre;Geflirr
Geflitze;Geflitz
Gefluch;Gefluche
Geflügelcrème;Geflügelcreme
Geflügelkrem;Geflügelcreme
Geflügelkreme;Geflügelcreme
Gefurze;Gefurz
Gefährdungspotential;Gefährdungspotenzial
Gefällestufe;Gefällstufe
Gefäßverschluß;Gefäßverschluss
gefühlsduslig;gefühlsduselig
Gefühlserguß;Gefühlserguss
gefühlslos;gefühllos
Gefühlslosigkeit;Gefühllosigkeit
Gefühlsroheit;Gefühlsrohheit
Gegackele;Gegackel
Gegenstandsbewußtsein;Gegenstandsbewusstsein
Gegenwartsgraphik;Gegenwartsgrafik
Gegluckse;Geglucks
Gegrunze;Gegrunz
Gegröle;Gegröl
Gegurre;Gegurr
Gehaltangabe;Gehaltsangabe
Gehaltforderung;Gehaltsforderung
Gehaltliste;Gehaltsliste
Gehaltsvorschuß;Gehaltsvorschuss
gehandicapt;gehandikapt
geheimhalten;geheim halten
Geheimklub;Geheimclub
Geheimkode;Geheimcode
Geheimtip;Geheimtipp
Geheule;Geheul
Gehoppele;Gehoppel
Gehänsele;Gehänsel
Gehörsübung;Gehörübung
Gehüpf;Gehüpfe
Geischa;Geisha
geistarm;geistesarm
Geisterglauben;Geisterglaube
Geisterscheinung;Geistererscheinung
geistesfeindlich;geistfeindlich
Geistesfunken;Geistesfunke
geistesträg;geistesträge
Geistmensch;Geistesmensch
Geißlung;Geißelung
Gejauchz;Gejauchze
Gejaule;Gejaul
Gejohl;Gejohle
Gekeife;Gekeif
Gekeuch;Gekeuche
Geklatsche;Geklatsch
Geklirre;Geklirr
Gekläffe;Gekläff
Geknalle;Geknall
Geknirsche;Geknirsch
Gekoddere;Gekodder
Gekoddre;Gekodder
Gekotze;Gekotz
Gekrache;Gekrach
Gekratz;Gekratze
Gekreische;Gekreisch
Gekrächze;Gekrächz
gel;gehl
Gelaß;Gelass
Gelbguß;Gelbguss
Geldfluß;Geldfluss
Geleiere;Geleier
Geleis;Geleise
Geleitsbrief;Geleitbrief
Geleitsmann;Geleitmann
Gelenk-Triebwagen;Gelenktriebwagen
Gelenksbus;Gelenkbus
gelind;gelinde
Geltungswillen;Geltungswille
Gelärme;Gelärm
Geläute;Geläut
Gelüste;Gelüst
Gemaul;Gemaule
Gemeckere;Gemecker
Gemeckre;Gemecker
Gemeindeausschuß;Gemeindeausschuss
Gemeindebeschluß;Gemeindebeschluss
gemeindenübergreifend;gemeindeübergreifend
Gemeinderatsclub;Gemeinderatsklub
gemeinfaßlich;gemeinfasslich
Gemeinschaftsanschluß;Gemeinschaftsanschluss
Gemeinschaftsbewußtsein;Gemeinschaftsbewusstsein
Gemeinwillen;Gemeinwille
Gemsbart;Gämsbart
Gemsbock;Gämsbock
Gemse;Gämse
Gemsgehörn;Gämsgehörn
Gemsgeiß;Gämsgeiß
Gemsjäger;Gämsjäger
Gemskitz;Gämskitz
Gemsleder;Gamsleder
Gemurre;Gemurr
gemußt;gemusst
Gemächt;Gemächte
Gemähre;Gemäre
Gemüsepreßsaft;Gemüsepresssaft
gemütslos;gemütlos
gemütsreich;gemütreich
gemütsvoll;gemütvoll
genaugenommen;genau genommen
genausogut;genauso gut
genausohäufig;genauso häufig
genausolange;genauso lange
genausooft;genauso oft
genausosehr;genauso sehr
genausoviel;genauso viel
genausoweit;genauso weit
genausowenig;genauso wenig
Gender-Stern;Genderstern
Gender-Sternchen;Gendersternchen
Gender-Studies;Gender Studies
Gendergap;Gender-Gap
Genderstudies;Gender Studies
Generalablaß;Generalablass
Generalbaß;Generalbass
Generalbaßinstrument;Generalbassinstrument
Generalstabchef;Generalstabschef
Generationenwechsel;Generationswechsel
generationenübergreifend;generationsübergreifend
Generationsduell;Generationenduell
Generationsfolge;Generationenfolge
generationsgerecht;generationengerecht
Generationsgerechtigkeit;Generationengerechtigkeit
Generationshaus;Generationenhaus
Generationskampf;Generationenkampf
Generationskonflikt;Generationenkonflikt
Generälin;Generalin
Generösität;Generosität
Genesungsprozeß;Genesungsprozess
Genetiv;Genitiv
Genickschuß;Genickschuss
Geniecorps;Geniekorps
Genital;Genitale
Genitalverstümmlung;Genitalverstümmelung
Geniza;Genisa
Genkode;Gencode
Genossenschaftsbauerin;Genossenschaftsbäuerin
Genuakord;Genuacord
Genuss-Schein;Genussschein
Genuss-Specht;Genussspecht
Genuss-Sucht;Genusssucht
Genuß;Genuss
Genuß-Sucht;Genusssucht
genußfertig;genussfertig
genußfreudig;genussfreudig
genußfroh;genussfroh
genußfähig;genussfähig
Genußgier;Genussgier
Genußgift;Genussgift
Genußläufer;Genussläufer
Genußmensch;Genussmensch
Genußmittel;Genussmittel
Genußmittelindustrie;Genussmittelindustrie
genußorientiert;genussorientiert
Genußrecht;Genussrecht
genußreich;genussreich
genußreif;genussreif
Genußreife;Genussreife
Genußschein;Genussschein
Genußspecht;Genussspecht
Genußsucht;Genusssucht
genußsüchtig;genusssüchtig
genußvoll;genussvoll
genüßlich;genüsslich
Genüßling;Genüssling
Geo-Engineering;Geoengineering
Geograph;Geograf
Geographie;Geografie
Geographiebuch;Geografiebuch
Geographielehrer;Geografielehrer
Geographieunterricht;Geografieunterricht
geographisch;geografisch
Georgische;Georgisch
Geplärre;Geplärr
Geprahle;Geprahl
Gepäcksträger;Gepäckträger
Gequake;Gequak
Gequatsche;Gequatsch
Gequieke;Gequiek
Gequietsche;Gequietsch
Gequäk;Gequäke
geradehalten;gerade halten
geradenwegs;geradewegs
geradesitzen;gerade sitzen
geradesogut;geradeso gut
geradesoviel;geradeso viel
geradesowenig;geradeso wenig
geradeswegs;geradewegs
Geranke;Gerank
Geraune;Geraun
Geraunze;Geraunz
Gerbfaß;Gerbfass
gerichtfest;gerichtsfest
Gerichtsbeschluß;Gerichtsbeschluss
Gerichtsgrafologe;Gerichtsgraphologe
Gerichtsgrafologie;Gerichtsgraphologie
Gerichtsprozeß;Gerichtsprozess
geringachten;gering achten
geringschätzen;gering schätzen
Geriß;Geriss
Germanische;Germanisch
gerne;gern
geruchfrei;geruchsfrei
geruchslos;geruchlos
Geruchsverschluß;Geruchsverschluss
Gerätesicherung;Gerätsicherung
Gerätturnen;Geräteturnen
Geröll-Lawine;Gerölllawine
Geröllawine;Gerölllawine
gerüchtweise;gerüchteweise
Gerümpelturnier;Grümpelturnier
Ges;ges
Gesamtabschluß;Gesamtabschluss
Gesamtprozeß;Gesamtprozess
Gesangeskunst;Gesangskunst
gesangsartig;gesangartig
Gesangsbuch;Gesangbuch
Gesangslehrer;Gesanglehrer
Gesangsschule;Gesangschule
Gesangstil;Gesangsstil
Gesangstunde;Gesangsstunde
Gesangstück;Gesangsstück
Gesangsverein;Gesangverein
Gesangunterricht;Gesangsunterricht
Gesangübung;Gesangsübung
Gescharre;Gescharr
Gescheithaferl;Gscheidhaferl
Geschenketip;Geschenktipp
Geschenketipp;Geschenktipp
Geschenktip;Geschenktipp
geschichtsbewußt;geschichtsbewusst
Geschichtsbewußtsein;Geschichtsbewusstsein
Geschimpfe;Geschimpf
Geschiß;Geschiss
Geschlader;Gschlader
geschlechterneutral;geschlechtsneutral
geschlechterspezifisch;geschlechtsspezifisch
geschlechterunabhängig;geschlechtsunabhängig
Geschlechtsfolge;Geschlechterfolge
geschlechtsgetrennt;geschlechtergetrennt
Geschlechtsidentität;Geschlechteridentität
Geschlechtskonstruktion;Geschlechterkonstruktion
Geschlechtsmodell;Geschlechtermodell
Geschlechtsrolle;Geschlechterrolle
Geschlechtsunterschied;Geschlechterunterschied
geschlechtsübergreifend;geschlechterübergreifend
Geschlecke;Geschleck
Geschleife;Geschleif
Geschling;Geschlinge
Geschloder;Gschlader
Geschluchze;Geschluchz
geschmacksfrei;geschmackfrei
geschmacksicher;geschmackssicher
Geschmackslosigkeit;Geschmacklosigkeit
Geschmackwandel;Geschmackswandel
Geschmatz;Geschmatze
Geschmiere;Geschmier
Geschmuse;Geschmus
Geschnarche;Geschnarch
Geschneuze;Geschnäuze
Geschoß;Geschoss
Geschoßbahn;Geschossbahn
Geschoßbunker;Geschossbunker
Geschoßdecke;Geschossdecke
Geschoßfläche;Geschossfläche
Geschoßhagel;Geschosshagel
Geschoßhöhe;Geschosshöhe
Geschoßhülle;Geschosshülle
Geschoßhülse;Geschosshülse
Geschoßmantel;Geschossmantel
Geschoßzünder;Geschosszünder
Geschreie;Geschrei
Geschrille;Geschrill
Geschwall;Geschwalle
Geschwerl;Gschwerl
Geschwindigkeitsmeßanlage;Geschwindigkeitsmessanlage
Geschwindigkeitsmeßgerät;Geschwindigkeitsmessgerät
Geschwirre;Geschwirr
Geschäftsabschluß;Geschäftsabschluss
Geschäftsprozeß;Geschäftsprozess
Geschäftsschluß;Geschäftsschluss
Geschützabschuß;Geschützabschuss
Geseiere;Geseire
Gesell;Geselle
Gesellschafterbeschluß;Gesellschafterbeschluss
Gesellschaftsteuer;Gesellschaftssteuer
Gesetzabänderung;Gesetzesabänderung
Gesetzauslegung;Gesetzesauslegung
Gesetzbeschluss;Gesetzesbeschluss
Gesetzbeschluß;Gesetzesbeschluss
Gesetzbestimmung;Gesetzesbestimmung
Gesetzbruch;Gesetzesbruch
Gesetzesbeschluß;Gesetzesbeschluss
Gesetzesentwurf;Gesetzentwurf
gesetzeswidrig;gesetzwidrig
Gesetzeswidrigkeit;Gesetzwidrigkeit
Gesetzgebungsprozeß;Gesetzgebungsprozess
Gesetzinitiative;Gesetzesinitiative
Gesetzlage;Gesetzeslage
Gesetzlücke;Gesetzeslücke
Gesetznovelle;Gesetzesnovelle
Gesetzrevision;Gesetzesrevision
Gesetzsammlung;Gesetzessammlung
Gesetztext;Gesetzestext
Gesetzverletzung;Gesetzesverletzung
Gesetzverstoß;Gesetzesverstoß
Gesetzvorhaben;Gesetzesvorhaben
Gesetzvorlage;Gesetzesvorlage
Gesetzvorschrift;Gesetzesvorschrift
Gesetzwerk;Gesetzeswerk
Gesetzänderung;Gesetzesänderung
Gesetzübertretung;Gesetzesübertretung
Gesichterkennung;Gesichtserkennung
Gesichtscrème;Gesichtscreme
Gesichtskrem;Gesichtscreme
Gesichtskreme;Gesichtscreme
Gesimse;Gesims
Gesinnungsprozeß;Gesinnungsprozess
Gespensterglauben;Gespensterglaube
Gesprächangebot;Gesprächsangebot
Gesprächatmosphäre;Gesprächsatmosphäre
Gesprächbedarf;Gesprächsbedarf
Gesprächbereitschaft;Gesprächsbereitschaft
Gesprächfaden;Gesprächsfaden
Gesprächfetzen;Gesprächsfetzen
Gesprächforum;Gesprächsforum
Gesprächführung;Gesprächsführung
Gesprächgebühr;Gesprächsgebühr
Gesprächgruppe;Gesprächsgruppe
Gesprächkreis;Gesprächskreis
Gesprächkultur;Gesprächskultur
Gesprächleiter;Gesprächsleiter
Gesprächleiterin;Gesprächsleiterin
Gesprächleitfaden;Gesprächsleitfaden
Gesprächleitung;Gesprächsleitung
Gesprächnotiz;Gesprächsnotiz
Gesprächpartner;Gesprächspartner
Gesprächpartnerin;Gesprächspartnerin
Gesprächprotokoll;Gesprächsprotokoll
Gesprächpsychotherapie;Gesprächspsychotherapie
Gesprächrunde;Gesprächsrunde
Gesprächsituation;Gesprächssituation
Gesprächstoff;Gesprächsstoff
Gesprächteilnehmer;Gesprächsteilnehmer
Gesprächteilnehmerin;Gesprächsteilnehmerin
Gesprächtermin;Gesprächstermin
Gesprächthema;Gesprächsthema
Gesprächtherapie;Gesprächstherapie
Gesprächverlauf;Gesprächsverlauf
Gestaltungsprozeß;Gestaltungsprozess
Gestaltungswillen;Gestaltungswille
Gestampf;Gestampfe
Gestapo-Beamte;Gestapobeamte
Gestapo-Beamtin;Gestapobeamtin
gesteinbildend;gesteinsbildend
Gesteinblock;Gesteinsblock
Gesteinformation;Gesteinsformation
Gesteinschicht;Gesteinsschicht
Gestolpere;Gestolper
gestreßt;gestresst
Gestöhne;Gestöhn
Gesuchssteller;Gesuchsteller
Gesuchsstellerin;Gesuchstellerin
Gesuder;Gesudere
Gesumme;Gesumm
Gesums;Gesumse
Gesundheitsamtleiter;Gesundheitsamtsleiter
Gesundheitsausschuß;Gesundheitsausschuss
gesundheitsbewußt;gesundheitsbewusst
Gesundheitsbewußtsein;Gesundheitsbewusstsein
Gesundungsprozeß;Gesundungsprozess
Gesurre;Gesurr
Gesülz;Gesülze
Getos;Getose
Getratsche;Getratsch
Geträume;Geträum
Getto;Ghetto
Gettoblaster;Ghettoblaster
Gettofaust;Ghettofaust
gettoisieren;ghettoisieren
Gettoisierung;Ghettoisierung
Gettorente;Ghettorente
Getöne;Getön
Getös;Getöse
Gevatterleute;Gevattersleute
Gewaltexzeß;Gewaltexzess
Gewaltphantasie;Gewaltfantasie
Gewaltpotential;Gewaltpotenzial
Gewaltschuß;Gewaltschuss
Gewanne;Gewann
Gewebehormon;Gewebshormon
Gewebsbrand;Gewebebrand
Gewebsentnahme;Gewebeentnahme
Gewebsentzündung;Gewebeentzündung
Gewebserkrankung;Gewebeerkrankung
Gewebsfaser;Gewebefaser
Gewebsflüssigkeit;Gewebeflüssigkeit
Gewebskultur;Gewebekultur
Gewebslehre;Gewebelehre
Gewebsprobe;Gewebeprobe
Gewebspräparat;Gewebepräparat
Gewebsschicht;Gewebeschicht
gewebsschonend;gewebeschonend
Gewebstherapie;Gewebetherapie
Gewebstod;Gewebetod
Gewebstransplantation;Gewebetransplantation
Gewebsverpflanzung;Gewebeverpflanzung
Gewebsveränderung;Gewebeveränderung
Gewebswucherung;Gewebewucherung
Gewebszelle;Gewebezelle
Gewebszerfall;Gewebezerfall
Gewebszerstörung;Gewebezerstörung
Gewebszüchtung;Gewebezüchtung
Gewebsübertragung;Gewebeübertragung
Gewehrgeknalle;Gewehrgeknall
Gewehrschloß;Gewehrschloss
Gewehrschuß;Gewehrschuss
Gewerbeertragsteuer;Gewerbeertragssteuer
Gewerkschaftsboß;Gewerkschaftsboss
Gewerkschaftskongreß;Gewerkschaftskongress
GeWi;Gewi
Gewichtabnahme;Gewichtsabnahme
Gewichtabweichung;Gewichtsabweichung
Gewichtausgleich;Gewichtsausgleich
Gewichtbestimmung;Gewichtsbestimmung
Gewichtklasse;Gewichtsklasse
Gewichtkontrolle;Gewichtskontrolle
gewichtlos;gewichtslos
Gewichtmanko;Gewichtsmanko
Gewichtmenge;Gewichtsmenge
Gewichtprüfung;Gewichtsprüfung
Gewichtsangabe;Gewichtangabe
Gewichtsheber;Gewichtheber
Gewichtstein;Gewichtsstein
Gewichtverlagerung;Gewichtsverlagerung
Gewichtverlust;Gewichtsverlust
Gewichtverminderung;Gewichtsverminderung
Gewichtverringerung;Gewichtsverringerung
Gewichtzunahme;Gewichtszunahme
Gewinn-Niveau;Gewinnniveau
Gewinn-Nummer;Gewinnnummer
Gewinniveau;Gewinnniveau
Gewinnummer;Gewinnnummer
Gewirke;Gewirk
Gewirre;Gewirr
gewissenfrei;gewissensfrei
Gewissensbiß;Gewissensbiss
Gewitterbö;Gewitterböe
Gewitterguß;Gewitterguss
gewitterig;gewittrig
gewiß;gewiss
Gewißheit;Gewissheit
gewißlich;gewisslich
Gewurle;Gewurl
Gewährsträger;Gewährträger
Gewährsträgerhaftung;Gewährträgerhaftung
Gewäsche;Gewäsch
Gewölbeleibung;Gewölbelaibung
gezahnt;gezähnt
Gezank;Gezanke
Gezerre;Gezerr
Gezirpe;Gezirp
Gezische;Gezisch
Gezweige;Gezweig
Gfrett;Gefrett
Ghibelline;Gibelline
Ghibli;Gibli
GHz;Gigahertz
Gickesgackes;Gicksgacks
gieblig;giebelig
Gießereiausschuß;Gießereiausschuss
Giftstengel;Giftstängel
gig-;giga-
Gigantographie;Gigantografie
Gildenhaus;Gildehaus
Gildenmeister;Gildemeister
Gildenzeichen;Gildezeichen
Gin-Fizz;Ginfizz
Ginger-Ale;Gingerale
Gingham;Gingan
Ginko;Ginkgo
Ginkobaum;Ginkgobaum
Gipsabguß;Gipsabguss
Gipsguß;Gipsguss
Gis;gis
gitte;gitt
Giveaway;Give-away
glacee-;glacé-
Glaceegerbung;Glacégerbung
Glaceehandschuh;Glacéhandschuh
Glaceeleder;Glacéleder
Glacé;Glace
Glam-Rock;Glamrock
Glamour-Girl;Glamourgirl
Glas-Recycling;Glasrecycling
Glasbord;Gläserbord
Glasfaseranschluß;Glasfaseranschluss
Glasfluß;Glasfluss
Glauben;Glaube
Glaubensgewißheit;Glaubensgewissheit
Glaubenshaß;Glaubenshass
gleichbleiben;gleich bleiben
gleichschenkelig;gleichschenklig
gleichwinkelig;gleichwinklig
Gleisanschluß;Gleisanschluss
Gleismeßfahrzeug;Gleismessfahrzeug
Gleitcrème;Gleitcreme
Gleitkrem;Gleitcreme
Gleitkreme;Gleitcreme
glibbrig;glibberig
Gliedermeßstab;Gliedermessstab
glimmrig;glimmerig
Glimmstengel;Glimmstängel
glitzerig;glitzrig
Globalisierungsprozeß;Globalisierungsprozess
Glockengeläute;Glockengeläut
Glockengetöne;Glockengetön
Glockenguß;Glockenguss
Glossographie;Glossografie
Glotzofon;Glotzophon
glubsch;glupsch
Glucose;Glukose
Glucosespiegel;Glukosespiegel
Glucosurie;Glukosurie
Glupschauge;Glubschauge
glupschen;glubschen
Glycerin;Glyzerin
Glycerinsalbe;Glyzerinsalbe
Glycerinseife;Glyzerinseife
Glycerinträne;Glyzerinträne
Glycerinzäpfchen;Glyzerinzäpfchen
Glyptographie;Glyptografie
Gläsergeklirre;Gläsergeklirr
Gläserkiste;Glaskiste
gläserweise;glasweise
Glätteeisen;Glätteisen
Gläubigerausschuß;Gläubigerausschuss
glücksbringend;glückbringend
Glückspielautomat;Glücksspielautomat
Glücksschuß;Glücksschuss
Glücksseligkeit;Glückseligkeit
Gnadenausschuß;Gnadenausschuss
Gnadenerlaß;Gnadenerlass
Gnadenschuß;Gnadenschuss
goethisch;goethesch
goldbetreßt;goldbetresst
Golddublee;Golddoublé
goldgefaßt;goldgefasst
Goldreinette;Goldrenette
Golfklub;Golfclub
Golfschuß;Golfschuss
Gomorrha;Gomorra
Gonorrhoe;Gonorrhö
Goodwillabschreibung;Goodwill-Abschreibung
Goodwillreise;Goodwill-Reise
Goodwilltour;Goodwill-Tour
googlen;googeln
Goschen;Gosche
Gottebenbildlichkeit;Gottesebenbildlichkeit
Gottesbewußtsein;Gottesbewusstsein
Gottesferne;Gottferne
Gottesfriede;Gottesfrieden
Gottesglauben;Gottesglaube
gottesgläubig;gottgläubig
Gottesgläubigkeit;Gottgläubigkeit
Gottessuche;Gottsuche
Gotteswesen;Gottwesen
Gottesähnlichkeit;Gottähnlichkeit
Gottseidank;Gott sei Dank
gottverdammich;gottverdammmich
Gottverehrung;Gottesverehrung
goß;goss
GPK;Geschäftsprüfungskommission
Grabeshügel;Grabhügel
Grabesschmuck;Grabschmuck
Grabesschrift;Grabschrift
Grabestock;Grabstock
Grabfeld;Gräberfeld
Grabfund;Gräberfund
Grabgabel;Grabegabel
Grabgeläute;Grabgeläut
Grabruhe;Grabesruhe
grabschen;grapschen
Grabscher;Grapscher
grade;gerade
gradeaus;geradeaus
gradebiegen;geradebiegen
gradehalten;gerade halten
gradeheraus;geradeheraus
gradeklopfen;geradeklopfen
gradelegen;geradelegen
grademachen;gerademachen
gradenwegs;geradewegs
graderichten;geraderichten
graderücken;geraderücken
gradesitzen;gerade sitzen
gradeso;geradeso
gradesogut;geradeso gut
gradesoviel;geradeso viel
gradestehen;geradestehen
gradestellen;geradestellen
gradewegs;geradewegs
gradezu;geradezu
Gradheit;Geradheit
gradheraus;geradeheraus
Gradl;Gradel
Gradla;Grattler
Gradler;Grattler
gradlinig;geradlinig
Gradlinigkeit;Geradlinigkeit
gradsinnig;geradsinnig
Graffel;Geraffel
Graffiti-Sprayer;Graffitisprayer
Grafologie;Graphologie
grafologisch;graphologisch
Grafothek;Graphothek
Gramm-Molekül;Grammmolekül
Grammolekül;Grammmolekül
Grammophon;Grammofon
Grammophonkasten;Grammofonkasten
Grammophonmusik;Grammofonmusik
Grammophonnadel;Grammofonnadel
Grammophonplatte;Grammofonplatte
Grammophontrichter;Grammofontrichter
Granatangriff;Granatenangriff
Granateneinschlag;Granateinschlag
Granatensplitter;Granatsplitter
Granatentreffer;Granattreffer
Granathagel;Granatenhagel
Granatwerferbeschuß;Granatwerferbeschuss
Grandslam;Grand Slam
Grantelhuber;Grantlhuber
Graphik;Grafik
Graphikdesign;Grafikdesign
Graphiker;Grafiker
Graphikerin;Grafikerin
Graphikkarte;Grafikkarte
Graphikkartentreiber;Grafikkartentreiber
Graphikprogramm;Grafikprogramm
Graphiktreiber;Grafiktreiber
graphisch;grafisch
Graphit;Grafit
Graphitbombe;Grafitbombe
graphitfarben;grafitfarben
graphitgrau;grafitgrau
graphithaltig;grafithaltig
graphitieren;grafitieren
graphitisch;grafitisch
Graphitmine;Grafitmine
Graphitstab;Grafitstab
Graphitstift;Grafitstift
Graphittiegel;Grafittiegel
Graphitzeichnung;Grafitzeichnung
Graphologe;Grafologe
Graphén;Graphen
Grasschi;Grasski
Gratler;Grattler
grau-braun;graubraun
Grauguß;Grauguss
grauplig;graupelig
grauslig;grauselig
Gravitationsdifferentiation;Gravitationsdifferenziation
Gremiumsvertreter;Gremienvertreter
Grenzfluß;Grenzfluss
Greuel;Gräuel
Greuelgerücht;Gräuelgerücht
Greuelgeschichte;Gräuelgeschichte
Greuelhetze;Gräuelhetze
Greuelmeldung;Gräuelmeldung
Greuelmärchen;Gräuelmärchen
Greuelnachricht;Gräuelnachricht
Greuelpropaganda;Gräuelpropaganda
Greueltat;Gräueltat
greulich;gräulich
Greulichkeit;Gräulichkeit
Gridcomputing;Grid-Computing
Griechische;Griechisch
griffest;grifffest
Grillengezirpe;Grillengezirp
Grillsauce;Grillsoße
Grislibär;Grizzlybär
Grislybär;Grizzlybär
Grittibenz;Grittibänz
grobfasrig;grobfaserig
Grossi;Grosi
grottenhäßlich;grottenhässlich
Großanlaß;Großanlass
Großayatollah;Großajatollah
großblätterig;großblättrig
Großdisco;Großdisko
großenteils;großteils
großfrüchtig;großfruchtig
großgeblumt;großgeblümt
Großguß;Großguss
Großi;Grosi
Großmoghul;Großmogul
Großraumdisco;Großraumdisko
Großschiffahrtsweg;Großschifffahrtsweg
großschnauzig;großschnäuzig
Großstadtsymphonie;Großstadtsinfonie
Grummt;Grummet
Grumt;Grummet
Grundablaß;Grundablass
Grundbaß;Grundbass
Grunderwerbsteuer;Grunderwerbssteuer
grundhäßlich;grundhässlich
Grundrechtekatalog;Grundrechtskatalog
Grundrechteschutz;Grundrechtsschutz
Grundrechteverletzung;Grundrechtsverletzung
grundrechtewidrig;grundrechtswidrig
Grundrechtscharta;Grundrechtecharta
Grundriß;Grundriss
Grundrißzeichnung;Grundrisszeichnung
Grundsatzbeschluß;Grundsatzbeschluss
Grundsauce;Grundsoße
Grundstückbesitzer;Grundstücksbesitzer
Grundstückverkauf;Grundstücksverkauf
gruppenbewußt;gruppenbewusst
Gruppenbewußtsein;Gruppenbewusstsein
Gruppenphoto;Gruppenfoto
Gruppenportrait;Gruppenporträt
Gruppenprozeß;Gruppenprozess
gruslig;gruselig
Grättimaa;Grättimann
Grätzl;Grätzel
gräßlich;grässlich
Gräßlichkeit;Grässlichkeit
Gröstel;Gröstl
größerenteils;größernteils
Grün-Dung;Gründung
Gründungskongreß;Gründungskongress
Gründungsprozeß;Gründungsprozess
gschafteln;gschaftln
Gscheithaferl;Gscheidhaferl
Gscherte;Gescherte
Gschloder;Gschlader
Gschmäckle;Geschmäckle
Gspritzte;Gespritzte
Gstetten;Gstätten
Guaraní;Guarani
Guasch;Gouache
Gucke;Guck
Gugga;Gugge
Guinness-Buch;Guinnessbuch
Gummifluß;Gummifluss
Gummigeschoß;Gummigeschoss
Gummiparagraph;Gummiparagraf
Gurkenfaß;Gurkenfass
gusch;kusch
Guss-Stahl;Gussstahl
Guss-Stück;Gussstück
Gustos;Gusto
Gutachterausschuß;Gutachterausschuss
Gutenachtkuß;Gutenachtkuss
Guugge;Gugge
Guuggenmusig;Guggenmusik
Guß;Guss
Gußasphalt;Gussasphalt
Gußbeton;Gussbeton
Gußblock;Gussblock
Gußbronze;Gussbronze
Gußbruch;Gussbruch
Gußeisen;Gusseisen
gußeisern;gusseisern
Gußerzeugnis;Gusserzeugnis
Gußfehler;Gussfehler
Gußform;Gussform
Gußglas;Gussglas
Gußmauerwerk;Gussmauerwerk
Gußmetall;Gussmetall
Gußmodell;Gussmodell
Gußnaht;Gussnaht
Gußputzer;Gussputzer
Gußputzerei;Gussputzerei
Gußregen;Gussregen
Gußrohling;Gussrohling
Gußstahl;Gussstahl
Gußstück;Gussstück
Gußteil;Gussteil
Gußware;Gussware
GWh;Gigawattstunde
gä;ge
Gälische;Gälisch
Gämsleder;Gamsleder
Gänsejung;Gansjung
Gärfaß;Gärfass
Gärprozeß;Gärprozess
gärteln;garteln
Gärungsprozeß;Gärungsprozess
Gästebeitrag;Gastbeitrag
Gästegarten;Gastgarten
Gästemannschaft;Gastmannschaft
Gäßchen;Gässchen
Götterfunke;Götterfunken
Göttergabe;Gottesgabe
Göttergeschenk;Gottesgeschenk
göttergleich;gottgleich
Güggele;Güggeli
Güllefaß;Güllefass
Güterschiffahrt;Güterschifffahrt
Güterwagon;Güterwaggon
H;h
Haarbreite;Haaresbreite
Haarcrème;Haarcreme
Haarkrem;Haarcreme
Haarkreme;Haarcreme
Haarriß;Haarriss
Haarspitzenkatarr;Haarspitzenkatarrh
Hab-Acht-Stellung;Habachtstellung
Habichtauge;Habichtsauge
Habt-Acht-Stellung;Habachtstellung
Habtachtstellung;Habachtstellung
Hachse;Haxe
Haché;Haschee
Hackebeil;Hackbeil
Hackebrett;Hackbrett
Hacker-Gruppe;Hackergruppe
Hacker-Paragraf;Hackerparagraf
Hacker-Paragraph;Hackerparagraf
Hacker-Tool;Hackertool
Hackerparagraph;Hackerparagraf
Haddsch;Hadsch
hadrig;haderig
Haferl;Häferl
Haftcrème;Haftcreme
Haftkrem;Haftcreme
Haftkreme;Haftcreme
Haftl;Haftel
Haftungsausschluß;Haftungsausschluss
Hagelbö;Hagelböe
Hagiograph;Hagiograf
Hagiographie;Hagiografie
Hahnebalken;Hahnenbalken
Hahnebampel;Hahnepampel
Haifischgebiß;Haifischgebiss
Hair-Stylist;Hairstylist
Hair-Stylistin;Hairstylistin
Hakenpaß;Hakenpass
Halb-Tax;Halbtax
halbblöde;halbblöd
Halbgeschoß;Halbgeschoss
Halbjahresplan;Halbjahrplan
Halbjahrsbilanz;Halbjahresbilanz
Halbjahrsinformation;Halbjahresinformation
Halbjahrskurs;Halbjahreskurs
Halbjahrskursus;Halbjahreskursus
Halbjahrsplan;Halbjahrplan
Halbjahrstermin;Halbjahrestermin
Halbjahrszeugnis;Halbjahreszeugnis
halbkuglig;halbkugelig
Halbschluß;Halbschluss
Halbtagesstelle;Halbtagsstelle
Halbtagstour;Halbtagestour
Halbwertzeit;Halbwertszeit
halbärmlig;halbärmelig
Halli-Galli;Halligalli
Hals-Nasen-Ohrenarzt;Hals-Nasen-Ohren-Arzt
Halskatarr;Halskatarrh
halsnahe;halsnah
Halsprozeß;Halsprozess
Haltsignal;Haltesignal
Haltverbot;Halteverbot
Halumi;Halloumi
Hamada;Hammada
Hamameliscrème;Hamameliscreme
Hamameliskrem;Hamameliscreme
Hamameliskreme;Hamameliscreme
Hammerschuß;Hammerschuss
Hand-Bike;Handbike
Hand-Fuß-Mund;Hand-Mund-Fuß
Hand-Fuß-Mund-Krankheit;Hand-Mund-Fuß-Krankheit
Hand-out;Handout
Handball-Lehrer;Handballlehrer
Handball-Länderspiel;Handballländerspiel
Handballehrer;Handballlehrer
Handballänderspiel;Handballländerspiel
Handcrème;Handcreme
Handdesinfektion;Händedesinfektion
Handelsbilanzüberschuß;Handelsbilanzüberschuss
Handelscompagnie;Handelskompanie
Handelsgeographie;Handelsgeografie
Handelsmißbrauch;Handelsmissbrauch
Handelsschiffahrt;Handelsschifffahrt
Handelsschluß;Handelsschluss
Handelsüberschuß;Handelsüberschuss
Handgelenksbandage;Handgelenkbandage
Handgelenksschoner;Handgelenkschoner
Handguß;Handguss
Handicap-Spiel;Handicapspiel
Handikap;Handicap
handikapen;handicapen
handikapiert;handicapiert
Handikapper;Handicapper
Handklatschen;Händeklatschen
Handkrem;Handcreme
Handkreme;Handcreme
Handkuß;Handkuss
Handlungsfluß;Handlungsfluss
Handlungspotential;Handlungspotenzial
Handlungsprozeß;Handlungsprozess
Handpaar;Händepaar
Handriß;Handriss
Handschütteln;Händeschütteln
Handselfer;Handelfer
Handwerksstand;Handwerkerstand
Handwerkzeug;Handwerkszeug
Handy-Bildschirm;Handybildschirm
Handy-Dieb;Handydieb
Handy-Tracking;Handytracking
Handyphoto;Handyfoto
Hanfstengel;Hanfstängel
Hang-out;Hangout
Hangeul;Hangul
Hanta-Virus;Hantavirus
Haplographie;Haplografie
Haraß;Harass
Hardcovereinband;Hardcover-Einband
Hardware-Konzern;Hardwarekonzern
Harmagedon;Armageddon
Harnweginfekt;Harnwegsinfekt
hartblätterig;hartblättrig
Hartguß;Hartguss
hartschädlig;hartschädelig
Harzfluß;Harzfluss
Haschimit;Haschemit
Haselnuss-Strauch;Haselnussstrauch
Haselnuß;Haselnuss
Haselnuß-Strauch;Haselnussstrauch
Haselnußbaum;Haselnussbaum
Haselnußbohrer;Haselnussbohrer
haselnußbraun;haselnussbraun
Haselnußgewächs;Haselnussgewächs
haselnußgroß;haselnussgroß
Haselnußgröße;Haselnussgröße
Haselnußkern;Haselnusskern
Haselnußkranz;Haselnusskranz
Haselnußmakrone;Haselnussmakrone
Haselnußstrauch;Haselnussstrauch
Hash-Funktion;Hashfunktion
Hash-Wert;Hashwert
Hass-Seite;Hassseite
Hate-Speech;Hatespeech
Haufe;Haufen
Hauptanschluß;Hauptanschluss
Hauptausschuß;Hauptausschuss
Hauptesschmuck;Hauptschmuck
Hauptfluß;Hauptfluss
Hauptprozeß;Hauptprozess
Hauptschiffahrtsstraße;Hauptschifffahrtsstraße
Hauptschluß;Hauptschluss
Hauptschulabschluß;Hauptschulabschluss
Hauptstadtbeschluß;Hauptstadtbeschluss
Hauptversammlungsbeschluß;Hauptversammlungsbeschluss
Hausabriß;Hausabriss
Hausanschluß;Hausanschluss
Hausblock;Häuserblock
Hausfriede;Hausfrieden
Haushaltartikel;Haushaltsartikel
Haushaltausschuss;Haushaltsausschuss
Haushaltausschuß;Haushaltsausschuss
Haushaltberatung;Haushaltsberatung
Haushaltbuch;Haushaltsbuch
Haushaltdefizit;Haushaltsdefizit
Haushaltelektrik;Haushaltselektrik
Haushalter;Haushälter
Haushalterin;Haushälterin
Haushaltführung;Haushaltsführung
Haushaltgegenstand;Haushaltsgegenstand
Haushaltgeld;Haushaltsgeld
Haushaltgerät;Haushaltsgerät
Haushalthilfe;Haushaltshilfe
Haushaltjahr;Haushaltsjahr
Haushaltkohle;Haushaltskohle
Haushaltkommission;Haushaltskommission
Haushaltloch;Haushaltsloch
Haushaltmittel;Haushaltsmittel
Haushaltplan;Haushaltsplan
Haushaltplaner;Haushaltsplaner
Haushaltpolitik;Haushaltspolitik
Haushaltproblem;Haushaltsproblem
Haushaltrecht;Haushaltsrecht
Haushaltsausschuß;Haushaltsausschuss
Haushaltschule;Haushaltsschule
Haushaltskontrollausschuß;Haushaltskontrollausschuss
Haushaltsperre;Haushaltssperre
Haushaltsüberschuß;Haushaltsüberschuss
Haushalttag;Haushaltstag
Haushaltware;Haushaltsware
Haushaltwäsche;Haushaltswäsche
Hausmakler;Häusermakler
Hausmaklerin;Häusermaklerin
Hausratsversicherung;Hausratversicherung
Hausreihe;Häuserreihe
Haustelephon;Haustelefon
Hauswirtschaftlehre;Hauswirtschaftslehre
Hauswirtschaftunterricht;Hauswirtschaftsunterricht
Hautcrème;Hautcreme
Hautkrem;Hautcreme
Hautkreme;Hautcreme
Hautnährcrème;Hautnährcreme
Hautnährkrem;Hautnährcreme
Hautnährkreme;Hautnährcreme
Hawara;Haberer
Haß;Hass
Haßausbruch;Hassausbruch
Haßbotschaft;Hassbotschaft
Haßbrief;Hassbrief
haßerfüllt;hasserfüllt
Haßgefühl;Hassgefühl
Haßgesang;Hassgesang
Haßkappe;Hasskappe
Haßkommentar;Hasskommentar
Haßkriminalität;Hasskriminalität
Haßliebe;Hassliebe
Haßorgie;Hassorgie
Haßparole;Hassparole
Haßposting;Hassposting
Haßprediger;Hassprediger
Haßpredigt;Hasspredigt
Haßpropaganda;Hasspropaganda
Haßrede;Hassrede
Haßseite;Hassseite
Haßtirade;Hasstirade
Haßverbrechen;Hassverbrechen
haßverzerrt;hassverzerrt
Haßvideo;Hassvideo
haßvoll;hassvoll
He;Helium
Heavymetal;Heavy Metal
Hebefeier;Hebfeier
Hebräische;Hebräisch
Hedge-Fonds;Hedgefonds
Hedschab;Hidschab
Heeresbanner;Heerbanner
Heereslager;Heerlager
Heeresstraße;Heerstraße
Heereswesen;Heerwesen
Heereszug;Heerzug
Heerfolge;Heeresfolge
Heerhaufe;Heerhaufen
Heftl;Heftel
Heftlemacher;Heftelmacher
Heftlesmacher;Heftelmacher
Heilbringer;Heilsbringer
Heilbringerin;Heilsbringerin
Heilprozeß;Heilprozess
heilsbringend;heilbringend
Heilsgewißheit;Heilsgewissheit
Heilsglauben;Heilsglaube
Heilungsprozeß;Heilungsprozess
Heilungswillen;Heilungswille
Heimatschuß;Heimatschuss
Heimlich-Griff;Heimlichgriff
Heimlich-Manöver;Heimlichmanöver
heisassa;heisasa
Heizkostenzuschuß;Heizkostenzuschuss
heißa;heisa
heißassa;heisasa
heißassassa;heisassassa
hekt-;hekto-
Hektograph;Hektograf
Hektographie;Hektografie
hektographieren;hektografieren
heli-;helio-
Heliograph;Heliograf
Heliographie;Heliografie
heliographisch;heliografisch
hellau;helau
Hellau;Helau
Hellegat;Hellegatt
helleuchtend;hellleuchtend
hellicht;helllicht
hellila;helllila
hellodernd;helllodernd
Help-Desk;Helpdesk
Hemdchen-Beutel;Hemdchenbeutel
Hemdenknopf;Hemdknopf
Hemdenkragen;Hemdkragen
Hemdentasche;Hemdtasche
Hemdenzipfel;Hemdzipfel
Hemdskragen;Hemdkragen
hemdsärmlig;hemdsärmelig
Hemdsärmligkeit;Hemdsärmeligkeit
Hemdärmel;Hemdsärmel
hemdärmelig;hemdsärmelig
hemdärmlig;hemdsärmelig
Henderl;Hendl
Henkerblock;Henkersblock
Henkersbeil;Henkerbeil
Henkersstrick;Henkerstrick
Hennegat;Hennegatt
hepat-;hepato-
Hepatographie;Hepatografie
hept-;hepta-
heraussein;heraus sein
Heringsfaß;Heringsfass
Herkunftslandsprinzip;Herkunftslandprinzip
Hermes-Bürgschaft;Hermesbürgschaft
Herrenfrisör;Herrenfriseur
Herrenklub;Herrenclub
Herrgottsschnitzer;Herrgottschnitzer
Herrschaftsgelüste;Herrschaftsgelüst
Herstellungsprozeß;Herstellungsprozess
herummähren;herummären
herumscharwänzeln;herumscharwenzeln
herumtelephonieren;herumtelefonieren
heruntersein;herunter sein
Herzas;Herzass
herzblätterig;herzblättrig
Herzelein;Herzlein
Herzensbruder;Herzbruder
Herzenserguß;Herzenserguss
Herzerhebung;Herzenserhebung
Hessische;Hessisch
heter-;hetero-
heterocyclisch;heterozyklisch
Heterofonie;Heterophonie
heterograph;heterograf
Heterographie;Heterografie
heterophon;heterofon
Hethitische;Hethitisch
Heumanderl;Heumandl
Heurigenschenke;Heurigenschänke
Heustadl;Heustadel
heut;heute
hex-;hexa-
Hexenprozeß;Hexenprozess
Hexenschuß;Hexenschuss
Hf;Hafnium
Hg;Quecksilber
hicks;hick
Hieferschwanzl;Hieferschwanzel
hiefür;hierfür
hieher;hierher
hiersein;hier sein
hierzuland;hierzulande
Hifi;Hi-Fi
Hifi-Anlage;Hi-Fi-Anlage
High-School;Highschool
High-Society;High Society
High-Tech-Unternehmen;Hightech-Unternehmen
Highend;High End
Highend-Bereich;High-End-Bereich
Highend-Gerät;High-End-Gerät
Highendbereich;High-End-Bereich
Highendgerät;High-End-Gerät
Hightech-Produkt;Hightechprodukt
Hijab;Hidschab
Hilfeaktion;Hilfsaktion
Hilfeangebot;Hilfsangebot
Hilfeappell;Hilfsappell
hilfebedürftig;hilfsbedürftig
Hilfebedürftige;Hilfsbedürftige
Hilfebedürftigkeit;Hilfsbedürftigkeit
Hilfeeinsatz;Hilfseinsatz
Hilfeprojekt;Hilfsprojekt
Hilfsempfänger;Hilfeempfänger
Hilfssystem;Hilfesystem
Hilfszentrum;Hilfezentrum
Himalaya-Salz;Himalayasalz
Himmeldecke;Himmelsdecke
Himmelsreich;Himmelreich
himmelsstürmend;himmelstürmend
Hin-und-her-Gezerre;Hin-und-her-Gezerr
Hinajana;Hinayana
Hinausschmiß;Hinausschmiss
hineinglupschen;hineinglubschen
hineinhangen;hineinhängen
Hinkucker;Hingucker
hinsein;hin sein
Hinterachsantrieb;Hinterachsenantrieb
Hinterhachse;Hinterhaxe
Hinterhauptsbein;Hinterhauptbein
Hinterhauptslage;Hinterhauptlage
Hinterhauptsloch;Hinterhauptloch
Hinterhauptsschädel;Hinterhauptschädel
hinterhersein;hinterher sein
hinterhertelephonieren;hinterhertelefonieren
hinterläßt;hinterlässt
Hintersass;Hintersasse
hipp-;hippo-
hippieesk;hippiesk
Hirnanhangsdrüse;Hirnanhangdrüse
hispan-;hispano-
Hispano-Amerikaner;Hispanoamerikaner
Hispano-Amerikanerin;Hispanoamerikanerin
histoid;histioid
Historadiographie;Historadiografie
historiografisch;historiographisch
Historiograph;Historiograf
Historiographie;Historiografie
Hitler-Diktatur;Hitlerdiktatur
Hitler-Jugend;Hitlerjugend
Hitzeschlag;Hitzschlag
hmm;hm
hmmm;hm
Ho;Holmium
hochadelig;hochadlig
Hochalemannische;Hochalemannisch
Hochdeutsche;Hochdeutsch
Hochenergie-Laser;Hochenergielaser
Hochgenuß;Hochgenuss
hochgieblig;hochgiebelig
Hochhausgetto;Hochhausghetto
hochkaratig;hochkarätig
Hochpaß;Hochpass
Hochpaßfilter;Hochpassfilter
hochräderig;hochrädrig
Hochschulabschluß;Hochschulabschluss
Hochschulerlaß;Hochschulerlass
Hochseeschiffahrt;Hochseeschifffahrt
Hochseeyacht;Hochseejacht
Hochstamm-Obstgarten;Hochstammobstgarten
hochtönig;hochtonig
Hochverratsprozeß;Hochverratsprozess
Hochzeitlader;Hochzeitslader
Hochzeitschmuck;Hochzeitsschmuck
Hochzeitscorso;Hochzeitskorso
Hochzeitsphoto;Hochzeitsfoto
Hodograph;Hodograf
Hoffnungsfunke;Hoffnungsfunken
Hoffrisör;Hoffriseur
hofhalten;Hof halten
Hohlraumversieglung;Hohlraumversiegelung
Hoketus;Hoquetus
hol-;holo-
Hollerithkarte;Hollerith-Karte
Hollerithmaschine;Hollerith-Maschine
Hollerithverfahren;Hollerith-Verfahren
Hollerküchel;Hollerkücherl
Hollerküchl;Hollerkücherl
Hollerküchle;Hollerkücherl
Hollunder;Holunder
Hollywood-Film;Hollywoodfilm
Hollywood-Karriere;Hollywoodkarriere
Hollywood-Produktion;Hollywoodproduktion
Hollywood-Regisseur;Hollywoodregisseur
Hollywood-Schaukel;Hollywoodschaukel
Hollywood-Schauspieler;Hollywoodschauspieler
Hollywood-Schauspielerin;Hollywoodschauspielerin
Hollywood-Star;Hollywoodstar
Hollywood-Studio;Hollywoodstudio
Holländische;Holländisch
Holographie;Holografie
holographieren;holografieren
holographisch;holografisch
holperig;holprig
Holsteinische;Holsteinisch
Holunderbeerensaft;Holunderbeersaft
Holunderkücherl;Holunderküchle
Holzbauerin;Holzbäuerin
Holzbäurin;Holzbäuerin
Holzfaß;Holzfass
Holzkohlengrill;Holzkohlegrill
Holzmeßanweisung;Holzmessanweisung
Holzmeßkunde;Holzmesskunde
Holzpelletsheizung;Holzpelletheizung
Holzschi;Holzski
Holzveredlung;Holzveredelung
hom-;homo-
Home-Banking;Homebanking
Home-Base;Homebase
Home-Computer;Homecomputer
Home-Dress;Homedress
Home-Fighter;Homefighter
Home-Learning;Homelearning
Home-Office;Homeoffice
Home-Rule;Homerule
Home-Run;Homerun
Home-Schooling;Homeschooling
Home-Shopping;Homeshopping
Home-Story;Homestory
häßlich;hässlich
läßt;lässt
Läßt;Lässt
muß;muss
Muß;Muss
mußt;musst
Mußt;Musst
mußte;musste
Mußte;Musste
mußten;mussten
Mußten;Mussten
mußtest;musstest
naß;nass
rauh;rau
Schiffahrt;Schifffahrt
schloß;schloss
sodaß;sodass
Sodaß;Sodass
soviel;so viel
soweit;so weit
sowenig;so wenig
Stengel;Stängel
unerläßlich;unerlässlich
unverläßlich;unverlässlich
verläßlich;verlässlich
verläßt;verlässt
wieviel;wie viel
wieweit;wie weit
zuläßt;zulässt
zuviel;zu viel
zuwenig;zu wenig
überläßt;überlässt
